query,title,source,published,link
"""Reallabor"" Wuppertal","Reallabore: mit Experimenten zu mehr Nachhaltigkeit - Wuppertal Institut für Klima, Umwelt, Energie","Wuppertal Institut für Klima, Umwelt, Energie","Tue, 21 Mar 2023 07:00:00 GMT",https://news.google.com/rss/articles/CBMiUkFVX3lxTE1BSUlWelVNV3dUS0JPR1RQU1hCbmV5eXR1UlFPM0hZUkVQQlZPUDRzQ2RGcVRCaHhZYTItcFhHblFEUFJwVS15VTFyaE5jX3BCU3c?oc=5
"""Reallabor"" Wuppertal","Das Reallabor als Forschungsprozess und -infrastruktur für nachhaltige Entwicklung - Wuppertal Institut für Klima, Umwelt, Energie","Wuppertal Institut für Klima, Umwelt, Energie","Wed, 04 Dec 2019 08:00:00 GMT",https://news.google.com/rss/articles/CBMiUkFVX3lxTFB6cDcwQi1yN1J2dUpiNVdRZm9kTVFQbW9QNmFhNjNXUDIzVU9MLXBCX3ZUQlFUQ1NUNEl0MlY1VWtaYlVMd0E1aWZBUS1OdzVPTmc?oc=5
"""Reallabor"" Wuppertal",Breitere Gehwege und Bäume sollen die Loher Straße in Wuppertal aufwerten​ - Westdeutsche Zeitung,Westdeutsche Zeitung,"Fri, 26 Jul 2024 07:00:00 GMT",https://news.google.com/rss/articles/CBMivgFBVV95cUxOYVlUc2FLTXZoSlNQc21ubXFxNF95RFVtbXhBVE5rd09LVmF0UlZ0YnVqNFdUbGxwTVVfeDlOc3ljTHFtZTAzYjIyQnQ5MGd6cTNNWGM3ZHdKTTdVcEdHWU1pRlJKT2lIWHAwSXJJcFQxbHV0UG9BXzNiRmJTcjdpd3M4VlR4N1hCQmd6VHhEYmI2c0hFYmEzTFI0VXY4d3Q0a1VBOEFDdDljSGQ4VmhfRW44RkhiN2psZ2pPQW1n?oc=5
"""Reallabor"" Wuppertal","Sommer, Sonne, Sitzbänke: Neues Mobiliar für die Barmer Innenstadt - wuppertal.de",wuppertal.de,"Fri, 10 May 2024 14:24:20 GMT",https://news.google.com/rss/articles/CBMizwFBVV95cUxPZktVdUlmWFk1Tmxudm9GWFMtaXVDbF9TS0RGWm1sMVE2SHloUXk2SUZzUXVkVFJTYWd2RE1RWE9lckxYLXZ2U2JaS3VZMEpJanhyTDVnT2owSmxodVIxcWNraXY4RnZrNE9tc2oxV0F0TGl0QnFxWS1lOTdEbU8xdTg0cWJmNFFBNDBCM18teUhoWVhhZ0hnVUM2Um1iUXlMZVdiYVFUQmsxUHhjTEZvOXFiRkNoSWRLazlGRDZSY2IxbllhNmFMeXRjM21Rbnc?oc=5
"""Reallabor"" Wuppertal",Kommentar zum Ende der Amtszeit von OB Schneidewind: Der richtige Mann am falschen Platz - Wuppertaler Rundschau,Wuppertaler Rundschau,"Sun, 02 Nov 2025 10:00:00 GMT",https://news.google.com/rss/articles/CBMivwFBVV95cUxNeVhsYkQyY0U4N1dFendKTkRMSlhQdmlBVDhPeXZFYm5zeTI2Y0JGbjdDR0pKbUtCbUd3dThrbTQ1Qk1ycjllMXpxMHZ6VDF1QmpNRnNhNlM4MzlOZ2h1V0RhenpuVmZfdnVqeWd1T3FSenJ0SDk3NlV3MUZDZ1UxRnRrQTU1S2hEcm84ejlTOV9rVzMyc242QXlEZVphQ1k1V3BSUWZURUhsNHU4eDlQSFB5MV95ZW94elZVTXR2Zw?oc=5
"""Reallabor"" Wuppertal",Siems/Flächensuffiienz-Lab - Uni Wuppertal,Uni Wuppertal,"Wed, 29 Jan 2025 10:35:43 GMT",https://news.google.com/rss/articles/CBMiygFBVV95cUxPOHY4Tm14VXZ2ZkJ4djdwWHFOUVMzNF80bEY2emJaeS1nSDdFdEptY1JLTGE1M2xpSkVZVkk0bE5QMFpTNHpEMm9uWXlyaGE2YjY2YUdkcU92QXdMNm9WRWJBWlU1VGxUZE5EYnFfTzVHb1l0VUFWME82WkZyLTFxNzlHbEItak84TlN6ZWlQMlptdUhXbGt1ak9GeEQ0VTR1NFVqWnBhTTJQYVp6YnRtTlIwRmVkd2RXMUpXa2J2TGpnTWg1bEZqUXNR?oc=5
"""Reallabor"" Wuppertal","Reallabore verstehen, reflektieren und wirkungsvoll gestalten - Wuppertal Institut für Klima, Umwelt, Energie","Wuppertal Institut für Klima, Umwelt, Energie","Mon, 20 Jan 2020 08:00:00 GMT",https://news.google.com/rss/articles/CBMiUkFVX3lxTE5vUnd3RXU0MU9zUVhLSTFNc1lCLV9QSkc0WVFXSTYxSzZrWEtmTnZmVTh5U2U3NDFwOGFlTHBmSlN0LWd3MVk4Vm9vYV9GbEFka3c?oc=5
"""Reallabor"" Wuppertal",Wuppertal: Was die InnenBandStadt zu bieten hat​ - Westdeutsche Zeitung,Westdeutsche Zeitung,"Wed, 17 Apr 2024 07:00:00 GMT",https://news.google.com/rss/articles/CBMilwFBVV95cUxPOW4tUURVdlM4WnozUUUxUVNLSm1wMWdfQWNxNEdvWnZKUVc3T3o5Vk5vSGpLb1Jtd2FYR0pYcnNQVzI3eXlGZkpMWk9UbG5KYkplRTBpa1NiaG0xN1p4emhLX1gwOC0tbk1fWXpEaDl2LXZ1V3NTTHBGNi1oMGZCLVpmRHVaWGk2bUdJdWFLem5XREN2aXlN?oc=5
"""Reallabor"" Wuppertal","Reallabor gewinnt Forschungspreis ""Transformative Wissenschaft"" - Wuppertal Institut für Klima, Umwelt, Energie","Wuppertal Institut für Klima, Umwelt, Energie","Fri, 30 Nov 2018 08:00:00 GMT",https://news.google.com/rss/articles/CBMiUkFVX3lxTE9POHVpb2NTT0d0dWFjWFhlNmhTZHRJR1AxNHIyb1FUQmd1UlhIYU12V2hZZzdXLTRYQS1XempPZmlRS1VpRnh2dGlfLXA4WlVGNWc?oc=5
"""Reallabor"" Wuppertal","Matthias Wanner gewinnt Forschungspreis ""Transformative Wissenschaft"" - Wuppertal Institut für Klima, Umwelt, Energie","Wuppertal Institut für Klima, Umwelt, Energie","Mon, 20 Sep 2021 07:00:00 GMT",https://news.google.com/rss/articles/CBMiUkFVX3lxTE5ZcktZTll2MThPbzU0bTdKY2l5bUZrRXk1LXBlTmpfaExhRUY5ZkZpSDlocTl6MHpSbVpXUXNtelpSRWh5Vl9nWnU3ejN2Ni1BMGc?oc=5
"""Reallabor"" Wuppertal","Reallabore - Perspektiven für ein Forschungsformat im Aufwind - Wuppertal Institut für Klima, Umwelt, Energie","Wuppertal Institut für Klima, Umwelt, Energie","Tue, 18 Jun 2019 07:00:00 GMT",https://news.google.com/rss/articles/CBMiUkFVX3lxTFBnbDBzMVhXZ2ZKZzI1cUdaQTFGTVRianMwbmhyVVNJMlM0dWFsYkZYcmVzd016Q1VLVFBvMHFuR0pnZzdoMkVfb0kyY01yeFVTdWc?oc=5
"""Reallabor"" Wuppertal","Reallabore als transformative Methode der Nachhaltigkeitsbildung - Wuppertal Institut für Klima, Umwelt, Energie","Wuppertal Institut für Klima, Umwelt, Energie","Mon, 20 Mar 2017 07:00:00 GMT",https://news.google.com/rss/articles/CBMiUkFVX3lxTE9kS2Q5c19jX1V5VG9VRllSNEpDS2dXNDQ5al9Db1JJblRZdTFpT3VLWVh1R0FWeVhtbHIxaVlHTF9yRVRLNVlicGc0TnZFUzRzcVE?oc=5
"""Reallabor"" Wuppertal","Nachwuchsgruppe zu Urbaner Sharing Economy gestartet - Wuppertal Institut für Klima, Umwelt, Energie","Wuppertal Institut für Klima, Umwelt, Energie","Fri, 14 Jul 2017 07:00:00 GMT",https://news.google.com/rss/articles/CBMiUkFVX3lxTFBHcDkyMHViR2NFZWszLXVraFNWaURTSUIwVTRDdG45SkRfZlJYTXJZY2hUOWtpRi1sZk83T0FQSk52ZE1kOG41dFRoM1o0RDRXMFE?oc=5
"""Reallabor"" Wuppertal","Große Wertschätzung für Institutsarbeit - Wuppertal Institut für Klima, Umwelt, Energie","Wuppertal Institut für Klima, Umwelt, Energie","Thu, 03 May 2018 07:00:00 GMT",https://news.google.com/rss/articles/CBMiUkFVX3lxTE5RNjR4alN4eUlkZUQwTEt0MnhoT1o4bFJpR3JndlNIaVBNTFd4akpzdDc2VERIQ1JQMmJ3S3llWkRwd1lOeU90MHVQNi1tdVg2Unc?oc=5
"""Reallabor"" Wuppertal","Forschung aktiv in die Transformation zu einer nachhaltigen Entwicklung einbringen - Wuppertal Institut für Klima, Umwelt, Energie","Wuppertal Institut für Klima, Umwelt, Energie","Sat, 10 Sep 2016 07:00:00 GMT",https://news.google.com/rss/articles/CBMiUkFVX3lxTE1LMC1KMWlyY3BTakh0UXFMWGcyalhVVkpKR2pRel9paXluU3NPUC1wa2FmLXpxbDFyU2cxYnJwNUFLRkJ3XzVSUlpIakZCRW9GelE?oc=5
"""Reallabor"" Karlsruhe",Verwaltungshochschule Kehl und Stadtverwaltung Karlsruhe streben neue Form der Kooperation an - Staatsanzeiger BW,Staatsanzeiger BW,"Wed, 12 Feb 2025 08:00:00 GMT",https://news.google.com/rss/articles/CBMirgFBVV95cUxPVXh6X1drZl9QN0RpZnU0NkV5b0Npb2VxZ1ppZWM4dkoyelZPbjRSWXJCWDBCVjFaSnJlNHNYSlNsU2s2eUJBN0ZET3B2SUxKcFJiVEdlSE14MGZxVHFGRjZNS0REbnUweE9QUG5VV2FnWmdYSnFNQ09hcnE5VWlRRGE2YzEtTFh1NldSWWo0bHNnRmJwbl9XcVNtbElWeDc4MGszM0NNSmw0TnRncFE?oc=5
"""Reallabor"" Karlsruhe",Reallabor wird zur Dauerreinrichtung - Stadt Karlsruhe,Stadt Karlsruhe,"Thu, 09 Mar 2023 08:00:00 GMT",https://news.google.com/rss/articles/CBMimwFBVV95cUxQMW9ETnYzN0JUNHd5VXdSeWdETExreXJRN3FMR25YTHR5QlI4MDFNSUNLV01IRk8tZ1BMN2h2MlJUd0lnUms4eU1NWm5ELWNvMXJPb3JsTElmbjl1aUR2OG9XSG8zWExTUzUxZzUwVEUyRUs4d0J5RjQzYUd3YmdaT3hFNS1ReExwbkxJbXJtYzBlLTQ1SkJqejVtUQ?oc=5
"""Reallabor"" Karlsruhe","Reallabor gewinnt Forschungspreis ""Transformative Wissenschaft"" - Wuppertal Institut für Klima, Umwelt, Energie","Wuppertal Institut für Klima, Umwelt, Energie","Fri, 30 Nov 2018 08:00:00 GMT",https://news.google.com/rss/articles/CBMiUkFVX3lxTE9POHVpb2NTT0d0dWFjWFhlNmhTZHRJR1AxNHIyb1FUQmd1UlhIYU12V2hZZzdXLTRYQS1XempPZmlRS1VpRnh2dGlfLXA4WlVGNWc?oc=5
"""Reallabor"" Karlsruhe",Reallabor endet: Karlstraße ist ab November wieder für Autos frei - meinKA,meinKA,"Sat, 22 Oct 2022 07:00:00 GMT",https://news.google.com/rss/articles/CBMijgFBVV95cUxNSzZCV1BROUZ0REVJd3ZfaWZWY3N0NXA0eUlZTEZJaHRLeUs1NmMzNVFTbUZNYkRyVktWRjF6QjU3UVZEY2w1cVdUUkRDeU84dmlkUHBSLWp0UHhDRVJJa21JcXRCMEVSN3VyMC1BaWwtUDFIZktIX1oxcWFzMTZId1R2MzRMeW1wT1ZVckVn?oc=5
"""Reallabor"" Karlsruhe","„Wir arbeiten hart daran, dass wir überflüssig werden“ - Stifterverband",Stifterverband,"Thu, 03 Sep 2020 07:00:00 GMT",https://news.google.com/rss/articles/CBMiyAFBVV95cUxOaElYRzV6cVhYUldWaGNuRlhxcVRqNzJrbFc4YUZ2VGJnaklUaTJ0SVpZZ0VSN3ZzV2JYRzVUeGxaUnA5N09WRi1RNWhXR1hWeEFsT25fSEQ2VDVNdU0xcGszbjFVUUsxaXE5QW1DcmpERlN2Z1N1WjM3RFBMZ0RSSWxKa0wtLXZpTGp4czVreXQ3dENfOFdPeHUySllfWmJSWjc1Ni1weTdCUk9EemNyRnBhNzlVeWw5NzZYZk1KOTAtZEl3MG5jWQ?oc=5
"""Reallabor"" Karlsruhe",Forschung und Entwicklung - Baden-Württemberg setzt auf Innovationen dank Reallaboren - Wissen - SZ.de,SZ.de,"Sun, 10 Nov 2024 08:00:00 GMT",https://news.google.com/rss/articles/CBMi_gFBVV95cUxPbGNwVnlPaWx5MEd1VUNuelllQTRqelE3U294ZGVieWRjM0FGZWZrMWtFaENsR3dFZjFxRnZQSjNfRE1MZXYybExCM2NtZkp6RXIxZDJjcXcySlNGZmNMQVlsbTcxUzNqMml0YkpMbnNXcnUzZjN1TC1zdTQ5U0dya002RF9JYnJ0ZlRmT2JKUjlmVHBEcmU2QzJSbzhUZXFKMWFLQTZDSks4QklQVmJ1bjNveEtiSFVGN3V6b3NmbkR4Rk54YjA2SklZVkcyRHhmOWR3a2x3ZHhfTWtuTFFOTEt3TnkzSF9QYmpFU1ZwVkVreTZhM1prRlJCVXZLQQ?oc=5
"""Reallabor"" Karlsruhe",Was für die nördliche Karlstraße in Karlsruhe als Fußgängerzone spricht – und was dagegen - Badische Neueste Nachrichten,Badische Neueste Nachrichten,"Thu, 22 Jun 2023 07:00:00 GMT",https://news.google.com/rss/articles/CBMi3AFBVV95cUxNMlFXcS1CRUpQbWVwNW9xTllYOHQydEcyenFXbVN6eXZSalBzRTRtZ2VreUxYb213anJ2dWp1dXZFWThtZ3BqQVVWRlo1VzMyaHlkcGNHd1VUOGtZemF5LW1LejF5dW14a3FXWHFzZlRMMDV5V3Z4b1pUdTBlb1Y0WDlFcVE5R0JUM3ptNkV2djV4ZnJOUXVod2JCNUtZdzlRbWFRejBrYzVwOEdTRTVSZU5IS0YtNlFqZDFRM2Nzb0ZXTXItdEF6SEtCXzNON1U4VENYcEZKQUFyTndN?oc=5
"""Reallabor"" Karlsruhe",Karlsruhe: Karlsruhes Zukunft: Wird die nördliche Karlstraße zur Flaniermeile - ohne Autos? - ka-news,ka-news,"Fri, 20 Jan 2023 08:00:00 GMT",https://news.google.com/rss/articles/CBMi5wFBVV95cUxNMHRmT2VLbWx5b1dIbjBreXVfeEpyVnE3TXUxa05kLTB6dXlyUWN1TF9MT1BweXZTT0ExZ0Qyc3c0THJ5djBZVHhQempfQXBLY05YTXVsaVE0T0dwVHc3TFN5YzNULUl1TkxBYTRwekpQeVRCVnJDakZLbmZFSHhSWkltQ1lXc1JtMmxobC0tUVBON1FLYWlyenFvVFdPZEgxb0lLc3BCOGJiTWNIZ0N5bDAzbEhBNWZselVoWG1ENC1CZXRjakJla21QbkNfOWM2dVNDVHgycnlreGRxTXR2UjhoZzBtQlk?oc=5
"""Reallabor"" Karlsruhe",Reallabor soll Alternativen aufzeigen: Kulturprogramm im Passagehof - Wochenblatt Reporter,Wochenblatt Reporter,"Fri, 10 Jun 2022 07:00:00 GMT",https://news.google.com/rss/articles/CBMilwFBVV95cUxOTUJ1OUJfNGE5TGZNNEhnUlk2STZZQi1vMWZpaGtseVoxQ1BsazNLYzRaZkdEbFlLT1dsRTRDSktXZmZWbko5QXhaeWh2aktJaXZHZWVXT1haMC1oTjVDbXNqREEwU28xTFoxT3YzTzBqQVoyaDJmOGlrZnhjRU5DeFhLX0hGd2RlUlhkZGM5ZTFaaTFkbVpr?oc=5
"""Reallabor"" Karlsruhe",Smart East: Reallabor für Klimaschutz und Energiewende als „Ort der Möglichkeiten“ ausgezeichnet - Informationsdienst Wissenschaft,Informationsdienst Wissenschaft,"Tue, 21 Sep 2021 07:00:00 GMT",https://news.google.com/rss/articles/CBMi1wFBVV95cUxPbWQyUmpfeUxfVnBkcjhNcmhmZXlBaTJ4UWhCMEo3VUVKX3FYWXowckZOaWFMYnFXNFRWby1wWGEwWkVwVDg1ZFM4SWI3ai1qUGh0RG5Pa01WX3RMYS0zQkc3OWFSYW40UV92elB4b1R1YjBlcjgxdFVSLXJrUmJ0T0YxT1dNUWNiTktuYmV2WnRwdjFvVi1GRnd5TWpIV1ViNjRla2RJYWpaUkc5SDNSZnNJUTNUVjNoUFhUWFJYWGg2Q1VEOTZudVQ4VUw3NzQ1bUNoQXBOMA?oc=5
"""Reallabor"" Karlsruhe","6 Millionen Euro für Klimaschutz - Wissenschaftsministerium führt Erfolgsmodell Reallabore fort - Ministerium für Wissenschaft, Forschung und Kunst Baden-Württemberg","Ministerium für Wissenschaft, Forschung und Kunst Baden-Württemberg","Mon, 01 Mar 2021 08:00:00 GMT",https://news.google.com/rss/articles/CBMi_AFBVV95cUxOUXZhQzlGWHh1bG13VGQxaVBMcE0wOW1RbnBaSFpuWjh4MmJWX2s3V0hZMFdsWEY0OGFMT1djZWZINTlyWnRoU1cwNVJIZWIwdlZtMG83LU51aHlJZy1HbjE4TjBzb1BNZUZ0LTlkbFc5cmVvUmRXaTJpZG9rSVU3aldUNUZ1WlhJQTR0cW5CWnlqSTZjNV8wdDAxVXdSekVJRlRwRWFlZ25wc0ROSTNqVFVhSzVURk9tdC1ocC1EY1RoYzhVZmhUUWttR1h1Y3B3aW5icVk3TlhkanlfSHdic1dibm82YXZ5WDJCcTBraEhzdDFrUEl0bGdpenQ?oc=5
"""Reallabor"" Karlsruhe","Ergebnisse für eine smarte Oststadt: Drei Jahre ""Smart East Karlsruhe"" - Baden TV",Baden TV,"Tue, 26 Sep 2023 07:00:00 GMT",https://news.google.com/rss/articles/CBMirwFBVV95cUxNRklKTGNnZmtRTURFdHJ0YTBaeDFNZHhGcm5QV0R1aEVGaWhLQXZLcjdLejEwQXFfSE15NXVfdi1tWHVfbnZjSGJ0VzM4czFLejBwaDF2QUVibE1VVTFqN0hPa0VnLUZKT1ZYWXV3bDExZTRGeGxUb09tTnM2YTkwdVpKaXJweThZa3gyd0pKcTJpeTExZGdtamFWdnBMaFBmMVpRRWJzeW5NY2xXZmlR?oc=5
"""Reallabor"" Karlsruhe","Projekt ""City-Transformation"" startet - Stadt Karlsruhe",Stadt Karlsruhe,"Fri, 14 Oct 2022 07:00:00 GMT",https://news.google.com/rss/articles/CBMimgFBVV95cUxPS3o0M0N5MVBpN2xGMVFmRUZkdlFLdVRYOE1iM2cyQzFhLVBWQ0VHNkpjUmd5c2dPdndYbFpvcjA0V3ZmWmlIaVpGb0JqaktoM0lFZTI0UjJQeEtNS2FUUGtHaEYxdHd3b1dBNW1sdldxU0twQThyNFVpUUN5MVZUU0dHSXVIM0szOWJ1VURaOUdLNmlSSkdacmJ3?oc=5
"""Reallabor"" Karlsruhe",Rund dreieinhalb Monate: Geänderte Verkehrsführung in der nördlichen Karlstraße - meinKA,meinKA,"Sun, 17 Jul 2022 07:00:00 GMT",https://news.google.com/rss/articles/CBMiowFBVV95cUxPempVWmk4MnlfX3pzbzFUcGw2dHRUdm81a2Ytd25HWFJfN0RlTms1bnVLZEFkemVybG9IX19hOVBoZGc3UTFCSDRaUVVLbXpGaGxYTGozQXRvTHhoRG5mNjFiM0lGdXU3NndTclhhZU1CeEdGTFAzVE54TnhRR3MzS0lqNXJTQl9NR0hJeThFSTdEQ043VGxTa1NtMHNhM2w0VnFR?oc=5
"""Reallabor"" Karlsruhe",Stadt Karlsruhe will die nördliche Karlstraße zur Fußgängerzone machen - Badische Neueste Nachrichten,Badische Neueste Nachrichten,"Wed, 21 Jun 2023 07:00:00 GMT",https://news.google.com/rss/articles/CBMixAFBVV95cUxQOHp2c3ZCb1pJczM5eS1qSDN2SlB0QUhFa19oM3JkcW8yeHlBWXdrNjN0UFJ1c3ZWaHdJRXNqSDlOekMzZVlaMEVxcHhqaWk3R2pGSFhNWXJSSXZGU3ZyVjZwajFzckp5Y19Lc0l5aVRBZGZUWEpYRXB2RXBzOWlsUWtLLUw4anhuUk9GeHIxd2VBcVF2VXFrNFlwX3YtYm5CcFJMQXA4TlpFTTJOWjVkSmZmdEl1OVBzY1BHZ2hYZWVxV254?oc=5
"""Reallabor"" Karlsruhe",Fahrrad-Paradies Sophienstraße: Bekommt Karlsruhes Weststadt ein neues Reallabor? - ka-news,ka-news,"Fri, 06 Oct 2023 07:00:00 GMT",https://news.google.com/rss/articles/CBMizwFBVV95cUxOU3VtUHd2aVF5MEMwcDRiWjZCaTY1N0V1YlBjOUJBTy05R3FndHZvZWZDMGFWR1dwRzREUjFpTlNVSTFHTFZsdkIzSmdYLTRrWFA0NmotWTVfd3l5d2VoamE0YXl0VVJ3Q1VEamduNzRsMFkxM2RkdWtCMGhVaTZPOW9GWVVoMi12ZW95X09WWVdBNjRsbjFaeDl5cEFMRXFTOFhMNmJSYzJYWmN3cThZTVNWQVVuODdEWWlmd2I3bU9leHBLVnhOb3pPaGdSRmM?oc=5
"""Reallabor"" Karlsruhe","""Platz für mehr"": Reallabore Passagehof und Nördliche Karlstraße - Stadt Karlsruhe",Stadt Karlsruhe,"Tue, 09 Aug 2022 03:41:47 GMT",https://news.google.com/rss/articles/CBMiwAFBVV95cUxOVUoxaGx5bkEyTTdWWmZxd1pQQ25QYXdVZWtfXzVSNWM0b0RCTDJPR2YyN1FTY1RxQ29ZLUpXbld6R2RIV2kxRDh5OXJxVE1Tb1RwQzEwYmxsdUV1SE5NMHRWYnRNTTl5YlZWaUFZWXdkU0ZHZDB0enF1Y1BHNzR5ZFU2TGJkOERkMWZJZi1JTFZja3NlQ0RGR21jUUhMa3FCekhxdU02M1VycXVZSV80cnptMjQ5VFE1TnA4Z29ORUE?oc=5
"""Reallabor"" Karlsruhe",Droht dem Karlsruher Markt auf dem Gutenbergplatz Kundenschwund? - Badische Neueste Nachrichten,Badische Neueste Nachrichten,"Sun, 06 Oct 2024 07:00:00 GMT",https://news.google.com/rss/articles/CBMixwFBVV95cUxNX1ZvZ2tuYUhMaXROQW5GOXJPYXdmQ1JGWE5Lc0pJMDdoZ2Q5S0dJUkZ1TnItd3BuRV9BX3pkN1ZTV1cyTDZfaWxPMlVxMUlCdzRkdTZnMWZGRDhVV0stbWlBVmVCNkc5TEF1dHZSZDdoMExBdFByUFhhemFjNE9ZU0otVlA4dW1kVE45OWRJOHhiQkRoUnpkbm1rZ2oySG5BcVM4RWwxbDg0Yi1KM3E4ZlZaZ1RlakNqUWxFa1A1SktkbFlLdjEw?oc=5
"""Reallabor"" Karlsruhe","Sanierungsgebiet ""Kaiserstraße-West"": Weniger Leerstand, mehr Aufwertung - meinKA",meinKA,"Thu, 09 Feb 2023 08:00:00 GMT",https://news.google.com/rss/articles/CBMikgFBVV95cUxObV96aTlSYVJQcnNKQzIwNHNUNERkVXQ4T3cwMFljNHVtZmdURlhvZGVFdEFGX3p2cEdGYzMtYlVBaDIySkFSaFVNd25PS040ekp2SGlkRHJzdDh5ekZQZllDckZMQWU4dWF5dkZtdUtMNElSYThOelljN3ZHZ29DQjE1S2toc0hJYV83bmRZTTRiZw?oc=5
"""Reallabor"" Karlsruhe",Applaus für eine temporäre Fußgängerzone in der Karlsruher Sophienstraße - Badische Neueste Nachrichten,Badische Neueste Nachrichten,"Tue, 24 Oct 2023 07:00:00 GMT",https://news.google.com/rss/articles/CBMiqwFBVV95cUxQOHdJWnlNV1R5OEVRWkxPWGIwU1ZTZ0NmT3JYUDlvYk44RUNCM0FrWVBvMnp0OURENk9Kb3VVbGZSZWpnMTRKWmQ4RkxIcXpmUFh4TVI4b004cm1abjE0djh1cjB3NHFiUXpNXzU2cXlRZEZ0azFyMWpPTXVqUUZncTgwaUxRc3NhQWJVaXR3VlJNZXN0OVc2LU51d1ZNU1ljbEZqTW83bVdDbG8?oc=5
"""Reallabor"" Karlsruhe",Dreck-weg-Wochen in Karlsruhe – gemeinsam für eine saubere Stadt - meinKA,meinKA,"Sat, 08 Mar 2025 08:00:00 GMT",https://news.google.com/rss/articles/CBMiWEFVX3lxTE91THBNY3FBcjlBYkJFdHE1cnZtV1ZLTXp4bjJNeTVUcTVfMHoxa29KaXpXZjZyajZLYXAydE9udEhHaGQxREpiRk5wQktNdzdtSDhoVDUyUDQ?oc=5
"""Reallabor"" Karlsruhe",Teile des Karlsruher Passagehofs werden zur Fußgängerzone - die neue welle,die neue welle,"Fri, 01 Sep 2023 07:00:00 GMT",https://news.google.com/rss/articles/CBMingFBVV95cUxPSE5SenN4NkVHTGRZLWxnMVhYc0xtdTFLQy1RM3QtcjhDRXJmSXNNeTFxQXFtd2N0MjROZmNvZnd3aTZ0TndmUkhzZl9DcjJkOTZtQWtVV0VpRFdacm9TVlh4WXliQnYyN29jaEdUNGJRQVR4MkpQMTBpdTdudU1lTzRBN0ZtekE4cUk0Y2pjVkRqU1RZNGNCbV91YnBtQQ?oc=5
"""Reallabor"" Karlsruhe",Transformation im Karlsruher Passagehof: Umbau zur Fußgängerzone beginnt im September - Wochenblatt Reporter,Wochenblatt Reporter,"Wed, 16 Aug 2023 07:00:00 GMT",https://news.google.com/rss/articles/CBMirwFBVV95cUxQaGRhM0ZncW1qdmZmTi1oeE40NElOdS16NWw1dmsyVW92QnNDNU0yczI0WUZ2NG0wUk9sM1BUNnlsa2xvbnd3Tlh4Zk9DOEJrOGxLRDdsT0lOVVBlVmZaUEIyWVpYZXpVbDVaUk1OWlFJam5xOTAtTGNSZU5LUmxlMlA3aEFCcGdiZWk2b0E2RmVDMy16aUtGa1V6X2dSWkNJNHUtc3JKUjNIVmE5elZ3?oc=5
"""Reallabor"" Karlsruhe",Sanierung des Badischen Staatstheaters in Karlsruhe: So laufen die Arbeiten aktuell - meinKA,meinKA,"Sat, 22 Oct 2022 07:00:00 GMT",https://news.google.com/rss/articles/CBMiowFBVV95cUxQc2lIUzFzWC1KeE54dUtnSi1BQWJ3N01rYm1LazdNZzZQMjZjVU1vMzRpVGNjUWVxRDIyTkgyUEpuOWQwbUFueTJJTWJPbUwyalpTV1hCZ2tZTUl5MG9DWkw0dWxNVFFkSWlsR1JyOEZvWl9iek1CUzViTnlROTFfaG1PVFlfZ1BnRF9fX1dzWUdGaEw5bm9zejNQWW1GMkwwNTJJ?oc=5
"""Reallabor"" Karlsruhe","GO Karlsruhe! Hochschule Karlsruhe erhält 1,17 Mio. € für Projekt zur Fußgängermobilität - Informationsdienst Wissenschaft",Informationsdienst Wissenschaft,"Mon, 16 Nov 2015 08:00:00 GMT",https://news.google.com/rss/articles/CBMi0wFBVV95cUxQNGlrcGp5cUxNTko5bkRUREllNWZ0Rk5YcFhfYWU1b3dzQmxjRG9DU080SjgyVVN4cVlwcEJmWXlpalNRUnd2Z1BNVTg1cVZZeFcySUFmTng4alp3TVNhdGRQTFh0elhROTZtR2UtdWtMaE9lbG8tTF9EUU0xRFRkUFRCbzVhT0JEb0NwSGcyUllHQlQzM256TXFSWEQ3QXJwVGgxWGhLSTY4V0dkRlFwYklQZDdyMjdfS3dkRVA5U1dtendabkxONFc5R1ZBVFlCZzRR?oc=5
"""Reallabor"" Karlsruhe","Fußgänger rein, Autos raus: Verkehrsversuche in der Innenstadt prägen den Sommer in Karlsruhe - Badische Neueste Nachrichten",Badische Neueste Nachrichten,"Wed, 08 Jun 2022 07:00:00 GMT",https://news.google.com/rss/articles/CBMizwFBVV95cUxORzgwNW1tNlhwb0RqYU1hYTExSE9QV1hLVjZLRWdBbEVWMVBBZHNiLVZDdmJNUEk1bkFEZGZlVkZPbDVFS0Y5c1JTejVpOTA2cVZhWDVLNTBBdkszRzF4bTZyZTFJTGV0UExjZ3dkUlEyRVY3WWpsQ0liOHlPa3NKQW9nN1JyQjV2ZUxhUXc0MzVyUk84TGpDYkhLRFJWQzRlUkw0UkFobGE0TjcxMGJ0em9xQVBJT2w2OUl0eHlTb2paT1Q4aTZWdlZLNTZBSms?oc=5
"""Reallabor"" Karlsruhe",Anwohner in Karlsruhe-Dammerstock ärgern sich über Straßensperrung für Verkehrsversuch - Badische Neueste Nachrichten,Badische Neueste Nachrichten,"Wed, 20 Jul 2022 07:00:00 GMT",https://news.google.com/rss/articles/CBMi2wFBVV95cUxPZUpacERzeDk0a1NWTFBvU0MtVmUybUE3OWw0WEkxOWEyWXRDWFlTYWJGWF84b0RqbWo0MnYtMldlX3FncXJ2ZURtZVlBRWpkN3hRcVhHOW1kbGd3a1JHUVpHVk8tTTl0YUtjRm8td05Xb1hiZThmd3NCQ3FLeE4tQjFHek9NNzlyZXRGWjRrc2pVUjVsTG91NHB6SzNwczVWalFYZ2pZemtDSjF2N1RNR2NFVUd1R24taUpLbEZ5RUdhTjRWUUp4dmFsUTNXQkNOczBGQUtoWXVDSG8?oc=5
"""Reallabor"" Karlsruhe",Oktoberfeste in Karlsruhe: Wiesn-Feeling in und um die Fächerstadt - meinKA,meinKA,"Mon, 29 Sep 2025 07:00:00 GMT",https://news.google.com/rss/articles/CBMiUkFVX3lxTE8xNFNkQ0h3YXRQdWhKNHBxVFNVcG5VTVZDRGJ6UW9VRG1hSnFVbGxod19TbjU0azlwMEtTeDZLSE15MHdFY2FOYjU2THc1TGJBaXc?oc=5
"""Reallabor"" Karlsruhe",Bei Karlsruher On-Demand-Angebot „MyShuttle“ kommt ein Taxiunternehmer zum Zug - Taxi Times,Taxi Times,"Wed, 12 Jun 2019 07:00:00 GMT",https://news.google.com/rss/articles/CBMiogFBVV95cUxPNjdfZ0JvS1otWU9RWFF0SHpSa0pBMWlfT2NTckJUTTZQZVdocmxrRlhDa1pKLXZITlAxQnBRZjhFb1p2ZnNhS1d0MEhpcnE2SENKV3owLS1BMGY2QjZpVFZaczl5dzlpZkFNNEU2ZmJfdWQ5OWVaRE5YQVpkU01JWE9KRHJjRzIxU2Q3MFlYZzgzcmF0Tl84b0tzNkxwa1lRNHc?oc=5
"""Reallabor"" Lüneburg",5G-Reallabor in Buchholz: Accelery GmbH ist in Lüneburg entstanden und zieht jetzt in den TIP Innovationspark - LZ/WA,LZ/WA,"Thu, 17 Aug 2023 07:00:00 GMT",https://news.google.com/rss/articles/CBMikwJBVV95cUxPUThOY3FLbHFpU2EydDhTVjc0M3B0ZmtNS3o2WkhjTzBheEk1Z0tQQTdMakx2RmR6V0FDbS1FUGE5UWdSRFg5X3VmWkFaVWIyTkgxV1ZaVmhvQlAyUzN6V0VXT0tRSk9RdXNSYmtmVXBkZVFnQXFKdGlYTzlTYkc3dXpJMEM3QXQzOVlzV3VnY1pKM3BUdHZWUHVQVFBfdWpha2FGekRQUzFtQ0FBeG1lYTBhN0JtQTgzUEh2a1pKeDd2RGlDN3lWckpkLUg0VU5tTDQxNTlxMVYxd1Rtb296NzlOLVRnbU5vZ0o3ZVFqdXM1ZDlDbmJGT2ZmOVJKUFpOZjNrQ0tGdXFoaEVCQjY4VlhwSdIBrwJBVV95cUxNcnoyRVhFcUVVd2QxQU4zQkI3VWRxSk5rOVdGd0tYOEtkRjZSVUJBUmJlTWYxTkpZajBCTWo5bFNGR0Vjdm03UzFmUWRyNEtWdkpmNGM1UnRQLUdpMDdDTnFYdUFINkxMcHUzc1p5cDcxSDFhdkFCVEF2VHoyZWtWRE5lVTl1QXJINU9QN3E1SEtNcXFMTlhYWFNQVjQ0WkxfVEprY0NwZUxWdnlGTDV2NTZ2ZV93WjMyXzE4T2hmcktzV3l0Yk9DdmFjbVl2ZXU2aVhmbVk2RFJfdnlrbDJpazBPNE5peXBvdk5xRFhfYmw0Wk96UFRKZWoteVhVVHpWNm1NenRHUTlSLXdGMFdiWkh0T015eHlvcVJoODFOZ2RUV3hDc0tYMVVBbEF1eWs?oc=5
"""Reallabor"" Lüneburg","Reallabore verstehen, reflektieren und wirkungsvoll gestalten - Wuppertal Institut für Klima, Umwelt, Energie","Wuppertal Institut für Klima, Umwelt, Energie","Mon, 20 Jan 2020 08:00:00 GMT",https://news.google.com/rss/articles/CBMiUkFVX3lxTE5vUnd3RXU0MU9zUVhLSTFNc1lCLV9QSkc0WVFXSTYxSzZrWEtmTnZmVTh5U2U3NDFwOGFlTHBmSlN0LWd3MVk4Vm9vYV9GbEFka3c?oc=5
"""Reallabor"" Lüneburg","""Vier Gewinnt"" und ""Tic Tac Toe"": so soll Uelzen attraktiver werden - NDR.de",NDR.de,"Mon, 10 Jun 2024 07:00:00 GMT",https://news.google.com/rss/articles/CBMi8wFBVV95cUxPZzhQaGlrdGVBZ1ducHJEa0hrWmdxN01ycExyRjBOZjNTeTZGTm5qaThwZzhfSVIwNDVDVFpobDFlakNBN0Z3NHAxd181UVJ3cWtVUjJGSlBVSnlsbHhub2I0NkRTdjhESjJiemZMVDRRVE1VMDFrX0xmMDV2b1RlS1VPeGpxU19WdFhSZGtyNHoyTEJ6bWUtcDdGSTVCWE4zOUsxa21BUzdoLU5OQWNmWGladFBfLUNfWTJZam9qRG5ZUnJPY3RvVENHakdNODJXcTk1bFYtenN6TURPWXNPWjh5ak1UZlA5VWJnMmRwUDljaE0?oc=5
"""Reallabor"" Lüneburg",Wirtschaftsförderung Landkreis Harburg: Das größte 5G-Privatnetz Deutschlands - kreiszeitung-wochenblatt.de,kreiszeitung-wochenblatt.de,"Thu, 17 Aug 2023 07:00:00 GMT",https://news.google.com/rss/articles/CBMirgFBVV95cUxNcUh0X2VQRWY0X3NxZEdsNVRmODNfUDN5bllQaTBwbVpxTGdMcXZLN2g2cE8weUpBWUZqOGR3WnRhRmxwV3FUWUJDU1NNS0xhLU50MkgxcEpwbTZmRzI1ZlZlUE14VHVzcUVnWGU1bmZySENQU19yWlp1cVZiS0dhV280Wl9fZ2d2blVVR0hnaFZ5UTQzdERfUHc2Q0JqV1BNQzZpcXFYeVJHWXNhYUE?oc=5
"""Reallabor"" Lüneburg",Aktionstag: Berlin auf dem Weg zu Zero Waste - Stadionwelt,Stadionwelt,"Wed, 28 Feb 2024 09:41:03 GMT",https://news.google.com/rss/articles/CBMiiAFBVV95cUxOZTZ6d2tHajdyVXIyN2JCcWtwME1RTnBzVEVzRXJhQjhROHBaQ2ltRUZCZkFyejEyOUQyWF8tYm5zWFVqX0FjcnM2Q2d6Uy1TYmxCM3lwaEM0ZmhKT0hpRnJWeXJwalcwMlF2d29MRjN0dUFpT2drQ3UwSlItdjBBNS1tdTBpaTRP?oc=5
"""Reallabor"" Lüneburg",Leuphana-Studierende arbeiten im Brauhaus Nolte in Lüneburg an der Zukunft des Stadtteils Neu Hagen - LZ/WA,LZ/WA,"Thu, 09 May 2024 07:00:00 GMT",https://news.google.com/rss/articles/CBMinAJBVV95cUxNSUpDY1VnOU1Tal9pYnVxamhqYlZNOHUxR0xLN2Z3TGcwZXpacTRNNmtXTjZWZXBoX2hmdG92dEp0MUxvZUp3eGpCWlkyOWs2YVhfNzBiNlZncjJaeERZZWYzOTNoS2hmRkVHS2tiQzE5UnZJdzNhdDBsZkNyby1GeG1pU05XVUFaT3BVTG9PRXU5ZEw5NTNfZGJfYkpSaEtFczhlMnN4Uk5WN1BnX0pGbHljc2QxdkNzMXM4eTktajg0QnRfa2lfb3V2cTVjTGJ3Rkl5dXZfTXB1S2tMRmRlM0hUdm5ZUEQ1NHBaRmtLU2ZEcmZ1UHk1Q1dlOE5Qa3FxQVJkUlFnM0h2RzFERTkxQ2FUelA3cENaU3pOX9IBuAJBVV95cUxQZWVSalNVTDZsMWlYaXBTQzQwVGEzamF3ZnNRZ3NPMjhFWjVPVUc0WkNLdE1CYUZqdEQ2NEdWYnhjZ1FDN3IxSkc2NXdNUzAxbnc2Qkx3dzdJX3Q0cVV3bmRob0Zoem5pVTNuWm5GUGZwNnlQSlJodlRVTXdGYVVKTGhucFJHRXZvWnVmSm9TUG52M1ZycnBFZElyYzY2akl2clJyVGdtaVM5U2FfYkE0MkNTakJPcGVBWGRwNmU2VnB4MnVsVVVkTU5pUUpLdjhISzdQODU4Tm1NbDlDN2FiXzJvUERYRURscjBNY3JOQTlma3Q5bGtabFFJalBFbWVsYkRpLU9mM1hJTXdxN2tydHBqNV9Jb3QxaVhNdG5zdzlfWW9OQV9uVHNIcDVTQ20wUjhCRW1PTjA?oc=5
"""Reallabor"" Lüneburg","Die Lernenden in den Mittelpunkt stellen - Wuppertal Institut für Klima, Umwelt, Energie","Wuppertal Institut für Klima, Umwelt, Energie","Wed, 23 Jan 2019 08:00:00 GMT",https://news.google.com/rss/articles/CBMiUkFVX3lxTFBnYmFKT29UbFRRd3hEVUExVHJoUXRJWGRENHJwaUZYQkxUTkRjQWRhMmF1ZXZMTGNuTG9uNVg4VTVkYms0TEpFd0JWb3owSWR3T1E?oc=5
"""Reallabor"" Berlin",Wettbewerb für Stadtideen startet: Auf 100 Metern Berlins Zukunft testen - Tagesspiegel,Tagesspiegel,"Mon, 20 Oct 2025 07:00:00 GMT",https://news.google.com/rss/articles/CBMi1wFBVV95cUxPbGNvOTUwblExdmxjUWFmeG9XakwtX0tOQllXRi1BeVI1OC10ZG4yS0ZWRmM2eEY3alBmWUZYNmh2UjNfcWZOTnBZRVVzTnZGNWtYWGNoQkpTcjk2ZFU4UWpmUGdpdEV2a09OVldxTWg1aEFCSXBkYkhsLVRWRjNtS1ZNTmlYaHFPbkNQNUlUWXZ2WHMtb215eTNhc21INzVsZVllc2xKQ29xUGtrREp2RGlsZGRRcXF1ZVY4Sng0cGhVMW1YSHJqdENDcVBuNWhPZURTNE9LQQ?oc=5
"""Reallabor"" Berlin",Lieferdrohnen aus dem Reallabor - Börsen-Zeitung,Börsen-Zeitung,"Fri, 12 Sep 2025 07:00:00 GMT",https://news.google.com/rss/articles/CBMihAFBVV95cUxPS3FUaW96VGRhZHBCODkzbERQU2o4M3k5YU5BeHpUa1FyVGF4Mzg2a1BZdV8yMlc0MDJ4TVFMbC1xLThYd21YZUpTZTJvV295NksxSkRYZndqNVBoSkw0XzRHRlZ6alByaDdkX0ZMaGN6ZkdTT1JGWlBDT1I0Zi1YS1JmWlE?oc=5
"""Reallabor"" Berlin","Drohnen, Abwasser, Recycling - Berlin testet als nachhaltig geltende Technik - rbb24.de",rbb24.de,"Mon, 25 Aug 2025 07:00:00 GMT",https://news.google.com/rss/articles/CBMiugFBVV95cUxORUNqQkpJNV9YSVE4X2RTWG1JRk1Bb0c5a0N6NHpmdkFvYWxTUFhRcU5OVU9wcGJDTHU5ejU4SVhvR3h4eDNoVDBhblpKQTdKeGtLWTE2T2g2LVYzY0ozYm9rT3VHeXpIX2Q3U0wxTU41cGhoQ3NheHpvOGxUeXNSNml2NXBPVWVlcHpsS21HSlRqcEVvVk1vLUE0TXFwdmlmWVdMRXJZRlhEWDUxbFB4WHdiU25ST0JsVGc?oc=5
"""Reallabor"" Berlin",Berlins überdachter Radweg bleibt ungenutzt – was läuft schief bei diesem Zukunftsprojekt? - Berliner Zeitung,Berliner Zeitung,"Tue, 01 Jul 2025 07:00:00 GMT",https://news.google.com/rss/articles/CBMisgFBVV95cUxNVkZvbW1OeXJ5aXkwWXV5QTBTS1RWQjFfMTJpc3JlUEdkanhjMEtGdnVuYW1uVWFMWjZlTEhTSzNSNnB1UlZBSFdmNjUtSVYyQVdtd0JuRG5wZ1NUYjRsdHJ4MHJUZWcxejQyeWZqV3VZVUNLUHNsRkFHb3dVRVBXSjhtaWZRcEZoTVhPTGI0ckJJQ2F3OGlHLWlWNkdySEppS3pSMUlJanBETlNRMVBFWkln?oc=5
"""Reallabor"" Berlin",Reallabor Kienbergpark - Grün Berlin,Grün Berlin,"Thu, 18 Feb 2021 16:26:57 GMT",https://news.google.com/rss/articles/CBMinwFBVV95cUxQWF9VQ1YydTFlWkxLRGt0dmV0aFlZWlNBZ1lRbTVlYVRRdDlEU3doMDNqMm9rNnc4VmlCSnJTUWRjS2lVOEVfbk1GOXVwXzhNR3htM0paQnVnb1hNSmNiWWk3RklXb054ZWNQUFBMZjBjcHVyX1VTOGtRelU4d0s0Yl9XQjJOYk5GanJxMEZkYVBVQmc3cVZFYnpXTHpNRUE?oc=5
"""Reallabor"" Berlin",HZB-Photovoltaik-Reallabor knackt die Marke von 100 Megawattstunden - Technologiepark Adlershof,Technologiepark Adlershof,"Tue, 01 Oct 2024 07:00:00 GMT",https://news.google.com/rss/articles/CBMingFBVV95cUxQLUh5R0FLM3RUM1A2b0R4aVJ2VHpxYVc4VFlPSlIzdGEyZWswcUt5U0UzYkFpclpMNzdYVExiTjM4ZTlmSUF5aUFPSmR3TXhIUW5yWUtwSUtRMkR1TUtqekNDNGhmdFlRREx3OUtvSE5rVUF3Q3ZoQkFQM3BWTHZnZFhSUHExX294YWU4OW1ocHdOelh6SzhfM3N5SmZ4UQ?oc=5
"""Reallabor"" Berlin",Wege der Verkehrswende - BauNetz,BauNetz,"Fri, 14 Jun 2024 07:00:00 GMT",https://news.google.com/rss/articles/CBMihgFBVV95cUxPY1BIS1g3eTRMaXhJOUpJeHBfTDk0UVlXcW9LOGpRTUF0blhTVkNReHFWZ1drTTRZNTJiazRnRU9lSHFXUXNMdmhsUHJxRWhBZWF3MUcxWTNjT2tYb0tvYVBRcDgybHMzLWFoZGYzS1hBY1c1MkdnRWEweW1WZXdDMnpOcHJ5QQ?oc=5
"""Reallabor"" Berlin",Berlin als Vorreiter gegen Hitze: „Ohne Verbote geht es nicht“ - taz.de,taz.de,"Sun, 27 Oct 2024 07:00:00 GMT",https://news.google.com/rss/articles/CBMiaEFVX3lxTE83dVdqUmFUTkloRG1VX283UXRCOHZSODhmc0I4Y3Zwc3pPR1RvbkZjOE9BWjRZY2QxaVJPZHFHbFEwUnlDeTFUaWhKaHF1ZUVSYm5heGNkakpjMl9KSXhGMWxpOTZVT2hH?oc=5
"""Reallabor"" Berlin",Teststrecke der Radbahn Berlin eröffnet - ADFC,ADFC,"Tue, 07 May 2024 07:00:00 GMT",https://news.google.com/rss/articles/CBMid0FVX3lxTE80WEVWb3hjWHQxWmxXeUhQeWhXMWpISllxQzRfd2xRZEliZDdyaGdOVkZDSVkzTG1iOXF4Z1h6WndjVTExOGhwMnJQZ1lzQUZvcVVBdjZiUGhZVUoxcTRPMy01YVFPbkFOMUFPbkE4VEJUeU4tSnFV?oc=5
"""Reallabor"" Berlin",Radbahn in Berlin-Kreuzberg: Millionen-Projekt wird zum Lost Place - Berliner Morgenpost,Berliner Morgenpost,"Wed, 18 Sep 2024 07:00:00 GMT",https://news.google.com/rss/articles/CBMi0wFBVV95cUxPMmJOX1ZVNUx5RHQ5NjNfTjZDRWZvaVQyWVh5Tjk5WmE2QUFWM1VRTk5tR2JpVTNnbzJTVFRENHRYWTY1QzFDT2o1RUt6OGczOUwweF9KY2dFTWRZVEpHZzJFZVhUTVh5TV9pSzFLQTV4Um82NS16anNFeUlDTWY4NVlwVEpfVkVlSEZsR0c3Tmg5VXloRnlqVGZLS0ZESHBiS0Y0dFR6UnlBcVdxeXhtQmpoZ3NyaDVVR2RBVDdYYW1KSXRzbmUyOVhPLXpBVW1QUUpZ?oc=5
"""Reallabor"" Berlin",Mit Pilzen zur nachhaltigen Architektur - Bioökonomie.de,Bioökonomie.de,"Mon, 22 May 2023 07:00:00 GMT",https://news.google.com/rss/articles/CBMipAFBVV95cUxNcWozTWN0djJsZzYwYW5Eek1pU3JmdFlRZklZYmFaemJQNmhYZFRZMVBiNElXUWJLelRvS0l2ald3MnpzZllZamh6R01LWERCc2M3REJRRzJ3OUl1U0lMRUhld1NVbHF1WHFTMFZTVGtBUlZjQ1VENjJPUWY2UnptY3FPRDdvbXQ0cUp6ejNCQVAweXhLWVNiMzVCU2tpZ19ZSDNzRg?oc=5
"""Reallabor"" Berlin",Planungs-Murks! Kreuzberger Radbahn wird auch tagsüber beleuchtet - B.Z. – Die Stimme Berlins,B.Z. – Die Stimme Berlins,"Fri, 01 Nov 2024 07:00:00 GMT",https://news.google.com/rss/articles/CBMiekFVX3lxTFAtcTRFRThnNVpLQmJOTEZHR1BMb2pDVjluZG51NU1mRmtFUVlnWlc5MkhEbTRHOTdFTGM0ZndCMjNRLUN6YjBCb01wdVlKRkNNQjdOY0EwQkluRFJMb25xQ1p6Z1JOeVAyVlBueFZFUHpleVB4WEhzZTZn?oc=5
"""Reallabor"" Berlin",Bilanz zur „Radbahn Berlin“ So würden Radfahrer und Anwohner den Straßenraum neu verteilen - Tagesspiegel,Tagesspiegel,"Tue, 24 Sep 2024 07:00:00 GMT",https://news.google.com/rss/articles/CBMi1AFBVV95cUxQaVcwTWZ4MFdtX0NSUkRUaG00TXAySFVXU3ZZei1teExOTEdIQ2d6Q3pQOVpNYkt1Q0NpUy1odFQ0eDRQdk5UdlFIR0gzRFMtckl4N043dTZ5dlZtWHBjM1FTeGhuQzdXcWpZWi1vVDltdmpYV2JsQXZlYmVBQVoxRGxVbDB3eFdJUDVKWUlFTGE5eGVuWTRZa1FhaWJOYVJ5UHZFbm9Ec2J2YUNoWHpQUk9ZM2prQmR4bEw5d21yOW1oMkpKay1wOUx3ZVMyRjF6aVVhLQ?oc=5
"""Reallabor"" Berlin",Energie: Euref-Campus als Reallabor für die Energiewende - Industrieanzeiger,Industrieanzeiger,"Mon, 13 Jan 2020 08:00:00 GMT",https://news.google.com/rss/articles/CBMisgFBVV95cUxPQXJuZHRoNE5QLVgyRlhpZzFVSkFkbW1GcFVrRUhUSGMxMkl6SVJpUldZdDR4SC1ObW0zcktrNTdrT21LcWVCVGlnaUM2Q0FUT2hLWjZaUTQ4UEtXNDhkaG9GT05FUFR0b1lBVlJBVy1VZ2xSNWZvY1JpYUc4Wk5yUDVaaXJ3a0xRZE9EbkxFV1FzRjZORTFOUHBDVWRLOXhCQjZvMVNNdjNLQ0NhUmlXd2J3?oc=5
"""Reallabor"" Berlin",Projektstart für riesigen Wärmespeicher in Berlin-Adlershof - Technologiepark Adlershof,Technologiepark Adlershof,"Thu, 16 Nov 2023 08:00:00 GMT",https://news.google.com/rss/articles/CBMilgFBVV95cUxPdmFrcFVVTzQ5SFRkUGhMMUYxOHJaZ0JFZXBkZEdpMFljeS1BLTJhczlVZDB0c0hIT3pnS1NEdW80MjlLeUdoN1VYVmlSV2JaRDY3WlhXZWhfNF9vVDRtTFJaX01wbXFDdzBIU2VMSnByZ09ZNVBrODdyVExpRDVXTDF1QzFhRGdIc18tb2I2YktqQVJ6eEE?oc=5
"""Reallabor"" Berlin",Experiment in Berlin: Das CO2-neutrale Stadtviertel - FAZ,FAZ,"Tue, 11 Dec 2018 08:00:00 GMT",https://news.google.com/rss/articles/CBMiuwFBVV95cUxQeTFCZi04Y0tuSXhEMERkWl9BamZMelk4ZEZSQlFLLVlwb3JiV0VhMjZ2RlR1VFBfd1g0dC1RMkNybzZaU2FreDRCTGU5czN3VVI5dlhlcG1vSjRNSTJlTEVsVVN4Ml9GbVJHQlhXS3RPSkVNVDNRSjFnVjZ5S2ZvdWctZ3VzSkdBUUFvbDhlai1lelhGTkE1bW9WaUhXS2E3UkNVUU5hSGFLMkRMRlVJQnNHNFplc0JyWGdR?oc=5
"""Reallabor"" Berlin",Konzept für Bauakademie in Berlin verabschiedet Wiederaufbau soll Reallabor für klimafreundliches Bauen werden - Tagesspiegel,Tagesspiegel,"Tue, 30 May 2023 07:00:00 GMT",https://news.google.com/rss/articles/CBMiigJBVV95cUxOX2RqM0dOZW1kcTRBRGYtaWl0UGREVGJ0ZnlPcEZBM3FnamNBY09BTmEya3FBdFhQekFsQmJELWF6ajI0R3JpQ0hzREI2ZnpMTU5QN2Z6ZmlZamE0TWluUXZOaGJWY2Nxb0NKd2JTNWMyY3hCakgzMWtGMXo1STYyWkhpLVB6bHFIQUZDOS11VUc0eThWWkl6WnJHU3dPdlRCekdUOUxQaklKMXdNcFNLdXJaWHB3OUVsTGhYQmFmYkdHQ3pxVl81OXk3SWM3SFI5Sk16VnhweEN1YThRckxkMmhRSm9felBGM05CeVZQdXdzZUdhR1VYcWd4WXZZNDdqdjFvZHR6UjNvZw?oc=5
"""Reallabor"" Stuttgart",Klimawandel anpacken: Studierende entwickeln Lösungen im Reallabor | News | 13.10.2025 - Universität Stuttgart,Universität Stuttgart,"Mon, 13 Oct 2025 07:00:00 GMT",https://news.google.com/rss/articles/CBMiyAFBVV95cUxOYWlDMFhxWXF1NDIwS0hfNUEzUndSZjluX2luSzUtWTdPN0QwblliWGYzU1A0ZVZsR3JsN3NUdUdpdEpCSFNzeThHYVBnWDdyTWhpazZxTERQem5TNTdfUURfVzBmS0JtOVd1dHZxQ002YjhXWGZwT1hFeWxHMXBPQ2ZXMUdDa05EVE9vZ3FhQmMtSlp1cGhlRm5YZXB3UkhoUUVEV0VLenpwV0Z6a2V2MHVIYnhOVktVenZTRlRBMjRNSGF6eFUybg?oc=5
"""Reallabor"" Stuttgart",Re-Use im Praxistest - Detail,Detail,"Thu, 30 Oct 2025 04:00:33 GMT",https://news.google.com/rss/articles/CBMiXEFVX3lxTE1xVWc1Mkc1cFBESU9CWWpyQi14YkRBUjU3MDhwampnOFNJVTlfZkFhR1dZZGpCeGtEU1pqaUt5XzF5c3NNUV9GdEdlbTlsR29jUmg1ZHhuYUVkdmFR?oc=5
"""Reallabor"" Stuttgart",Reallabore: Experimentierfelder für Zukunftsfragen - Universität Stuttgart,Universität Stuttgart,"Fri, 08 Apr 2022 06:14:15 GMT",https://news.google.com/rss/articles/CBMifkFVX3lxTE03QzYyaWZXaXBlZXp1bkFaYkFwV05KOEtwMFBCLThTbFQyRkYtUFFpOHhEWUJmRll3OUo5Y2RMZW9ZVjkyU3NfelFZd3NCMWxPSkJjLUZZUzdKdExKbXRkWC1jcllkUlNyOVdPZkZFM0Z0enZxT2tWcEgwa2liZw?oc=5
"""Reallabor"" Stuttgart",Reallabor Lounge: „Stadt-Raum-Bildung“ - Staatliche Akademie der Bildenden Künste Stuttgart,Staatliche Akademie der Bildenden Künste Stuttgart,"Wed, 25 Oct 2017 07:00:00 GMT",https://news.google.com/rss/articles/CBMif0FVX3lxTE9Qa2lOdG1YRjdNb296TF9jeVZ4V0ozY2dFc2hVYXNqMjJtYTZSRmRnNWcxWXU1cFpsSDVDdXBCdmlhU2hTYW9hY05oZmswTzkzdVpDSVFjVXFqUHA4U0ZScnR5SU9LSkp0X3dDM3d6ZVFweFNOa2Y5UlV6MU15c00?oc=5
"""Reallabor"" Stuttgart",Sparmaßnahmen: Bosch kürzt Arbeitszeit bei Beschäftigten in der Zentrale - Handelsblatt,Handelsblatt,"Sat, 23 Nov 2024 08:00:00 GMT",https://news.google.com/rss/articles/CBMi1wFBVV95cUxPbC1KWEM5RENRNnJLOEFudXlLMFh5clpYSnE2YTJQZWFsc19IT2kwR2Q4dWFsU0JkTUlJeGVxcW5nSm1EejlyZjEtTHZCWjVsRG5zZXVZTjJtVG93M1I1ajVRb21sODRxeUF2S01sVlp4QXVPOG1BLXFHZVlRTnRiVGk4SW5tYWd3WHZwSzd6YkZhUm8tYjZ1YllSVDNORl9Xcjdnenp3U0F5VFVEUnYwVVdjNHhMY3lKRGgyeFRxT3lLNTZfbUZDd0ZvZ0xYb2RYR0x1Z19HWQ?oc=5
"""Reallabor"" Stuttgart",Reallabor Großwärmepumpen – Reallabore der Energiewende - Fraunhofer-Institut für Solare Energiesysteme ISE,Fraunhofer-Institut für Solare Energiesysteme ISE,"Thu, 25 Mar 2021 19:57:56 GMT",https://news.google.com/rss/articles/CBMijAFBVV95cUxPd1NHXzJ1S25VdDdxYkJhOHB0YS1KUGdYT0xVNWRJVXVxNkFxaTEwUFRqS0FjQjZFSVNrV3BTMnpjaFlhdjVDeGFSUXVsVGlXMVFyQWdmd2M0OTdCanJkZkF3X1JKemU2NXU3RFRuZWRnanowT0RPQlBYckpDZ2JxVHRENjBqQTVUcGdMbA?oc=5
"""Reallabor"" Stuttgart",Erfolgsmodell Reallabor made in Baden-Württemberg - baden-wuerttemberg.de,baden-wuerttemberg.de,"Wed, 23 May 2018 07:00:00 GMT",https://news.google.com/rss/articles/CBMi1gFBVV95cUxQeEpLWE5qZmRPQlZiZ3R1bkFiZG1uRjBSQXhiRUtWVlpEczJsaXJ2b0NUb2NhMWZzUjU0NGl1bFBHMi1ERnNMcGlNSWduRFJOcHlNdmFFOGprcnlqWVVSRkJmdEJ1WUpPOTZQVzZYT1R4RE5BejRnUkpaWkNmMHFQS09MZHF5bVUzRU5GTktBbk93b3R4ekxzZHYtWGt3ckpqQVEwcURqb0pFb1JONmpWUHZIUmZobW9nbWtlelF4d1hEVkNzQkk1LTUwY0lFaDFSMWtkOXBB?oc=5
"""Reallabor"" Stuttgart",DLR - Reallabor Schorndorf geht zu Ende - Deutsches Zentrum für Luft- und Raumfahrt,Deutsches Zentrum für Luft- und Raumfahrt,"Sat, 26 Jan 2019 08:00:00 GMT",https://news.google.com/rss/articles/CBMivAFBVV95cUxOaGktb091bUtUU2VJWUFzdzktVGNTR0g0UVhON3Y0Q1BRbUFVdlI3X25VS2ZBWFZjaVhzUUhhaGhnNHZ6RjdScUVBeVE0U3QxZ3MtYTN5VFg3dWFBY0tjMzZpcEcyZlpOX1hoTzA4WDNJQm5uQmhIYmFyaU5UV3h4MmdQX1lTRjRJMjhPS0RJTGZqZzRKa0ZrbUJTdVNxWGtRb2JJRXFGN3ZjZVpHbzhnS1hQbUdVQVcyM3BMVQ?oc=5
"""Reallabor"" Stuttgart",Projekt Realist der Uni Stuttgart: Elektro-Lkw im Stadtverkehr - Eurotransport,Eurotransport,"Mon, 09 Sep 2024 07:00:00 GMT",https://news.google.com/rss/articles/CBMiogFBVV95cUxQd2o2RFZPTUh2US10NXFfaEdlR09ZNjZDeDNCTTBKYWU1a01JSjBhNWhpRHdhVHliWURVZlNHLTVFa2hVZHVOZFFYdkNyMHM2V0NUWUUtZGRuN0lIRmJfQzJ1OVhFNEFIdVBrQng4TUxXelFYemRWZklZS3IzQTExSjVFbnVFSnp3WGtCcnRfS1VWd19ZM2I2V2thZUFJZmlCc2c?oc=5
"""Reallabor"" Stuttgart",Ingersheim: Vom Zeichensaal auf die Baustelle - bietigheimerzeitung.de,bietigheimerzeitung.de,"Wed, 03 Jul 2024 07:00:00 GMT",https://news.google.com/rss/articles/CBMixwFBVV95cUxOeDg1OFhoYi1Jc2ZfZG9XbXl4eXpFUHU5RUlPRnE2TmlteEN2bnBpV2sweHhHTFNPSlZTVXZGTEZCZmxzY2hlcnhpelRSSnVFOWVyQnFYUjlVMFBYQU53bE1raDlETDNocDhDZEhTMVh4dFhuUGpYN01MYk5SRGg1YzJDRXZQNFoxT2Q1TkREZ2xrLWJBYnVUMnJhYWpCbElWY0VWOWI0aDJqUnBHZlh0d3RqOGV6d0NxUWo5aHNsMEpDVTl5aHNR?oc=5
"""Reallabor"" Stuttgart",Wohnen von morgen wird in Stuttgart erprobt - IVV immobilien vermieten & verwalten,IVV immobilien vermieten & verwalten,"Thu, 15 Jul 2021 07:00:00 GMT",https://news.google.com/rss/articles/CBMijAFBVV95cUxOTkpPYVdSNUZmMmQwWFhkQ21mdnR4bTFiVzkwLTZZRF9JcmYwaEFBZGtoaVh4RzBYNGxYbVZTcDdTQ0JaM3hGQ21USnRxRlFLbW9SN3B6dWhldE5vTXFucnVCaE9sNTMzc1ZvQ3F0SWVpc01tc1VRVm5EVFpaWFVnYWxJVF9iUzFLQ3VtNQ?oc=5
"""Reallabor"" Stuttgart","""Der Mietsprung ist gering"" - KONTEXT:Wochenzeitung",KONTEXT:Wochenzeitung,"Wed, 01 Dec 2021 08:00:00 GMT",https://news.google.com/rss/articles/CBMikAFBVV95cUxNQ2ptcW1TR0tJczJpRUZ5azJ2blEzaUJMVDhtNjRCVFlTa3hBY1E1d1Q3RDBmSnYwcE5saVgzeFZyX3k5NGlaU2taVDNFNjdBaUVIdTAzZEdaWGNHSEpranlXRTJHQ08wbHZ6NFBUd2Y2M05oMWtLV3FTdGZGMXdieEVzekFLSlhjM3N0T1N3eUc?oc=5
"""Reallabor"" Stuttgart",Großwärmepumpe in Stuttgart: Klimafreundliche Fernwärme für 10.000 Haushalte - erneuerbareenergien.de,erneuerbareenergien.de,"Tue, 09 Apr 2024 07:00:00 GMT",https://news.google.com/rss/articles/CBMiuAFBVV95cUxQVkxUTDUzOW9SQWtfTm05dEEzZm1PdjJMdWtoQVNaajU1Vk9UOWF6NEplTllpZzdqYTlMTEZHLWRUSmxGeWFqeGU0NERrNk1IVGFjZl85WThXYXdYN0FHak40NlFIdm5OZjBBcl9FS1l4SDNsejdpekc0cHB3anhad1FCUF9STzBMQlpIbllKZGhmcDJ1WVlEMGhfb3ZvdmdydzgyYndPWDN4bnFGYjA0RTBjNVB0b1Ja?oc=5
"""Reallabor"" Stuttgart",Land fördert Reallabor „CampUS hoch i“ | News | 02.03.2021 - Universität Stuttgart,Universität Stuttgart,"Tue, 02 Mar 2021 08:00:00 GMT",https://news.google.com/rss/articles/CBMiogFBVV95cUxPVlBzdlVzOTVBek1XeXFsZ0JROHdFcF9reUtodnhCUWJiYTJ2R2FQclkyVW82TU14NW5pakV2eEJQNm5CU20zWDltWVFvYnRkcXk4Nkh0NzN1eHRyNTlNdEhqMElGX2pteS1YcEdVLUIxcG10YS1XZmMwaklPblJERVJscFlIWm9WVUpydHRIYkFDaWsyR1g4V0xqcDZXbGpvclE?oc=5
"""Reallabor"" Stuttgart",Innovative Kälteanlage für die Hochschule für Technik Stuttgart - baden-wuerttemberg.de,baden-wuerttemberg.de,"Tue, 14 Jul 2020 07:00:00 GMT",https://news.google.com/rss/articles/CBMi2AFBVV95cUxQTVUzejJ4RzBnSy1qT3N0TjAtWEctcGw1Q3RhS19fQTNwQXFINzE5RFNjMFlLYTVzUXF1c3Q5by1WV3gzT0V5anRZRHFWYWdCVFh6a2FYOHVUMjYxbG1XQ3BlaWxhbUdmTjl2S0J3ZU1FNUY2MV85QUFHMzZJOUtrelU0LVV6NTZwODh5M0lhOEVidlo3dWV4N19nbjNsQUF3X2ZYbW5jQ05iNHpUdjJkU2pvY2dzdHFPUDVIa3NSdXNqVHVXQ05tOTZjZS11OHlBYnI5VUZ3MzA?oc=5
"""Reallabor"" Stuttgart","Baden-Württemberg kauft Alstom-Regionalzüge für 2,5 Milliarden Euro - Handelsblatt",Handelsblatt,"Mon, 09 May 2022 07:00:00 GMT",https://news.google.com/rss/articles/CBMi4gFBVV95cUxPRFN5UmwxUndhbXJjMHQ5T0tlOHdKV3FRR21iWGtaUTN5Q2FiUW5JYmV5R0tyaXBTMGxNZzctSXh4ZjJrTThRc2gyQUJ3U3ZwYWtzZHBRa0J2V19HVWtkS1BWXzIzeGdVSjJyUTJZS2ZGRmRaX3FSLVppRU03UExVcGlfSlk1MjlQSFdJM2hTTnBzSzZIUHBmTGVqNTdiQnNCeXdSQWlDWmV6T1YwdjhSN0hkdWZzMm5ORzhTSElMNTYtVi1KcElCUzA0OTJsUFkxd0ZZdGs2akE2S1NIR2JvemRB?oc=5
"""Reallabor"" Stuttgart",Rhenus High Tech beim Projekt Realist: Urbane Logistik in Stuttgart erforschen - Eurotransport,Eurotransport,"Tue, 06 Aug 2024 07:00:00 GMT",https://news.google.com/rss/articles/CBMi4wFBVV95cUxPXzd3cXo1eFlxWnI2M29DVTRwbEwxbVd0UUZBRHRPU1FmYkZmTEtOUzlEOTM3Nk0xYWJlbm5ybTA2c01EUENObW04Mk1ZUEhwQTEzTlQwX0ktYmJOa25DYTJVVG03RkN5M3VxQ29DTlhxTGp1T19lbjNvQk5Ub05wVWxRVEZFdWNIYW5SQ1ZRQm02VFAwLWkyMU05NEUwdW5ua2ZkbDFSMWFPOVdab1JNdWdWbnd2ckwtRWROWGJETFdMY3J1NGUwYkZIQm16bXN4ZXVFRm0zekF5ZERieGJjYUxKMA?oc=5
"""Reallabor"" Stuttgart",Mikroplastik: Schiffswrack und Strand als Reallabor | News | 14.07.2022 - Universität Stuttgart,Universität Stuttgart,"Thu, 14 Jul 2022 07:00:00 GMT",https://news.google.com/rss/articles/CBMiswFBVV95cUxONEF3bUZZUnhFcEREOGpxdnpERnFJY0FGaHpVMXZVSkFlYlRCUVRmTnNYNjVjSHZlbVU4YWg4Z2VGWFpTa3IyWXJ2ZFBNQXpnTHNqb28tR2w3R3NKRnVTc09Ibk9FUTU5d0tqVTdOWU1ZeTRORm1SLVhlTHZkdkFlbHJESnpqNUQ4QU41T0JzUHFBQmtSVHJMM3VCNUxFNVJ1dU40enBHZkZuaTN4bDk3UE1zOA?oc=5
"""Reallabor"" Stuttgart","6 Millionen Euro für Klimaschutz - Wissenschaftsministerium führt Erfolgsmodell Reallabore fort - Ministerium für Wissenschaft, Forschung und Kunst Baden-Württemberg","Ministerium für Wissenschaft, Forschung und Kunst Baden-Württemberg","Mon, 01 Mar 2021 08:00:00 GMT",https://news.google.com/rss/articles/CBMi_AFBVV95cUxOUXZhQzlGWHh1bG13VGQxaVBMcE0wOW1RbnBaSFpuWjh4MmJWX2s3V0hZMFdsWEY0OGFMT1djZWZINTlyWnRoU1cwNVJIZWIwdlZtMG83LU51aHlJZy1HbjE4TjBzb1BNZUZ0LTlkbFc5cmVvUmRXaTJpZG9rSVU3aldUNUZ1WlhJQTR0cW5CWnlqSTZjNV8wdDAxVXdSekVJRlRwRWFlZ25wc0ROSTNqVFVhSzVURk9tdC1ocC1EY1RoYzhVZmhUUWttR1h1Y3B3aW5icVk3TlhkanlfSHdic1dibm82YXZ5WDJCcTBraEhzdDFrUEl0bGdpenQ?oc=5
"""Reallabor"" Stuttgart",Reallabor für nachhaltige Mobilitätskultur eröffnet | News | 23.03.2016 - Universität Stuttgart,Universität Stuttgart,"Wed, 23 Mar 2016 07:00:00 GMT",https://news.google.com/rss/articles/CBMiuAFBVV95cUxNOWsxdC1odFNTN1JtcnFXc3l2aDZkWXc0RW1EczY2NGFjX1JFUmJLVm11NU1XNlZ1M0dfMXRoQlNickM4UVpDY1NKMWFFa1NfRGlrcFpaYzYzWnhZSHl1bGctWHI3c0dLRGxBekVIQi1Cc1RhSXlnZWdvT1RSX2FtWUtYVUdXZU4wTW9KSTZPc0dCT3FVRkRWb1J0cklESm1VRTEtek9ra0JLaWctTTVTdVV2UTRJVTVN?oc=5
"""Reallabor"" Stuttgart",Autozulieferer: Bosch-Chef hält weiteren Stellenabbau für möglich - Handelsblatt,Handelsblatt,"Fri, 12 Jul 2024 07:00:00 GMT",https://news.google.com/rss/articles/CBMizgFBVV95cUxOR19VQ0wxSzY5bnpBMTVyb1F3ZklqSFRZNFRuckxGTlBkQTV3dndWRDhzZEoxRURkUzQ4SUtrZHdkMDVSRFFvQmxsQUhFS0RJSjB0ZVl3bk94T2dwRTgwWkxzMk9nVUs5MDF6aFJkMDRkNVF5amM1SzEyUUU4NE0wQ1d0VWVWdHRNMkNJSXhDd3p1anA4VUFqSkdOZzNzT1NuWWRxM0hSQ3JEemVMR2d5TVJwMW4wdE5BODdVSkFWZ1F3b2lLelNIc2V4OFo3QQ?oc=5
"""Reallabor"" Stuttgart",Wärmepumpe nutzt Abwärme des Heizkraftwerks Stuttgart-Münster - Energie-Experten,Energie-Experten,"Fri, 01 Apr 2022 13:39:32 GMT",https://news.google.com/rss/articles/CBMiqgFBVV95cUxNRHZkT0VNdERuMXlHREJGMDR2d1libTBkOWM1WXFXOXg5cUllNHJXeXNaaDBNQTU3akRVaWFLcXBWTmdGLW5KdnZVUzVDYWtzY1FVa2dReGpmTjFoVG9tLTlBZkVETVgwcHRRZnk4NDc1ZXI5V0h1cE5Jb2Q2WmtQdmgxUFlZdnZzSnpFdy1WaFRwMUIxeDZyeU5Zb0t1Z2ctUmJ2S0RsYkh4dw?oc=5
"""Reallabor"" Stuttgart",Architektur-Diskussion in Ludwigsburg: Innovative Architektur aus der Region Stuttgart - Esslinger Zeitung,Esslinger Zeitung,"Wed, 23 Oct 2024 07:00:00 GMT",https://news.google.com/rss/articles/CBMi-wFBVV95cUxNeTM1SG96N3o1ZDg2dmxTdUp6dFBrYk1DVHZFeE1OVDE3NjA5aEFRWFoyYlN1SnFvZnlIbG9mTUZta3ZHY0E5OGF4aXg5TkgzaVJ6RVhXSXRZN0d0ZFZjVE1pSDl4WXRDZEt6X0MwV1BHMWtrcGtCTXE4ODZaVm4xLU9pTVFGUzAxbkE1dVkyc1RCUlFTOUoteE10OGJOWE5nck1TX3RLQV9PSFdrbWcteUFiZnVWQWZ6MkFyZWtkbXpKUVlkRkU1YVRna1hBWXF4MG5sVFFzVVN1Z2xTZUpnMld3RWhodkUyRGR3TUd3a09OTEV4cGtVWVlTSQ?oc=5
"""Reallabor"" Stuttgart",Gebäudetechnik: Bosch verkauft Sparte mit 4300 Beschäftigten an Triton - Handelsblatt,Handelsblatt,"Sun, 15 Dec 2024 08:00:00 GMT",https://news.google.com/rss/articles/CBMi0wFBVV95cUxOUC1NQ3FMZEItSE1BWDVmOTVsbkt0SGctQmt0VXkzSnZhZ1lWR1BvOGkxNENtdXNhZVB6N0FNQjVtLXJYUnd3LU02Ym1FQnpNMzhYZlpyWFNVRzZqcW5zbUZ4ckpMQVFnMzloNklrTXJQTFdXbnVhcDRmLThaWHVWckloVzdqdVF4Z0s4WDBBbTdLSWJNSWVqV3JhUVpOZk5ZNEE1TjduQVNTQUl1SVduRDBVSjBwQ1htcXFqNGxEb1ZwZ3lyWTJKXzBTX3MwRU04bVBJ?oc=5
"""Reallabor"" Stuttgart",Stuttgarter forschen nach neuer Mobilitätskultur: Die Stadt bewegt sich - stuttgarter-zeitung.de,stuttgarter-zeitung.de,"Wed, 20 Sep 2017 07:00:00 GMT",https://news.google.com/rss/articles/CBMi6wFBVV95cUxNdEhhM2trcnRuMDlHYWNHTWhPWTduSlZuRWowbFRMbkYtaXJuYl8wVWgtdmg4NFB1LWh2YUxvdkRpcGJIOTU4U3hCaTMteEViSnNIRHdCbDdCM2FpOXNUS2ptUUg3UGJmZTJMVzZ3Umpjd3R3Xzl1amF4eXZuc0YxNFpWREtLYkFpeWRkSW94anVSbXRvX2t6U0o4aHY2SVVZZ0lVNGlZU0R4MTBOek9jYkRBVWtjUDM5RGJhczV1WnV2NHhJLXV3NUhrU3ZKWkFUaHZzbDMxX2NtN3RDMmdrSktybXJHbHFTTHlN?oc=5
"""Reallabor"" Stuttgart",Elektrischer Lieferverkehr: Rhenus High Tech an Stuttgarter Forschungsprojekt beteiligt - TRANSPORT - die Zeitung für den Güterverkehr,TRANSPORT - die Zeitung für den Güterverkehr,"Wed, 07 Aug 2024 07:00:00 GMT",https://news.google.com/rss/articles/CBMixwFBVV95cUxOSEtXaDc2bC1pN2tlZFFfMExxN0R4end4NUkwUG5FWktHeGVMcExpRF8xcHNGaTh6elRkWkRDUUhyOGpMcGFKdVh0MmxmUTYwanJMazFHSzR5MFM4TFNVM3hNUGxuUDQ5VWRkRkJKMHhhQzlWUVpTR01pazRzTkgzeklwMmJ6RFdPaTdKd3BEN0NPclVHMlM5amVVM0Fsa21kWS1BM0NEZ0lZRFdybzgwYkU0c2hpVFc1eHVlSjBVc3F3NlhuVHFj?oc=5
"""Reallabor"" Stuttgart",Bosch: Konzern streicht 480 Stellen bei den Elektrowerkzeugen - Handelsblatt,Handelsblatt,"Fri, 26 Jul 2024 07:00:00 GMT",https://news.google.com/rss/articles/CBMiyAFBVV95cUxOdk41ekt6VWFjRWpwd0ZiSzZTZFdzSmpIRXJLcHp5aWp2ZndhbF9Qekw4Q1k3RTB2WGVvS21rWVN2ZFJzT0dzclRQV3cwby1QU213Q0phVGRlQVR6VnNGWnNKOGJHTVd1aE04djBwWl9fSDNFRHhkdzBOMkl1NlR1aGtkUDZoeE51WWNEQzF0ZmJ3dlc1NDFmWmcxSDhIZkk3aXlZU1prVERzdTNGUmN3bF95NDdtNHlrMlFBdHRiNEZtaEtxRUNHOA?oc=5
"""Reallabor"" Stuttgart",Stuttgart muss Fahrverbot für Euro-5-Diesel vorbereiten - Handelsblatt,Handelsblatt,"Mon, 12 Nov 2018 08:00:00 GMT",https://news.google.com/rss/articles/CBMixAFBVV95cUxQWXJSX2I1aGRMWi1ucTdGX0w0SmhKS200SlktYTRVMnpSVHRXR3NDN0VYYWtab0xYQW5BZ21sa3JpWnBTV1NZOG54ZnlKdVJ5MC1UZlZudmtjSTRXMmw1ZGJzaVh4dDJTNDlXUnBlX3ZfWk9jWHhCbkpOZ25ZZHh0MjVjQkJCZEswMU96TzhuXzhMTnFFZUlFb3JYYXBJMnlseW5PUlYwckVPZ0tVbmxsNzFuNjlTUDc2VHoxdGh3ZURzcm9J?oc=5
"""Reallabor"" Stuttgart",Autohändler Hohe Rabatte belasten die Margen der Autohäuser - Handelsblatt,Handelsblatt,"Thu, 18 Jul 2024 07:00:00 GMT",https://news.google.com/rss/articles/CBMixgFBVV95cUxQWGc1VUN0cWowa2Fod2kwUFFnVUpVeXIxRVhxbE4xeFk1STI0NUFfdWFpNjFWWFd4TXRyNEFIUk5jNGJST2V5X0lNY3RhNDhBWmtXZHdlU2l3N2Raa3ZNZUFoTXhBTmE3RXd5LUZPc2ZEMUp5Z3ZsNXkzTmdFaEpMb3htU0h5elBQUFh2VGRkYzE5MFR4cUh5cnI2aTNBeVhwUXNTTnhJTkYtaXJKUjN5SlhYcHVqMXp5SEtqLW55aEVIY29EZHc?oc=5
"""Reallabor"" Stuttgart",Filiz Albrecht: Erste Frau in der Bosch-Führung gibt ihr Amt vorzeitig ab - Handelsblatt,Handelsblatt,"Thu, 30 Mar 2023 07:00:00 GMT",https://news.google.com/rss/articles/CBMi2gFBVV95cUxNdng0bG9vYUMtanJxWnVyWTA3QUNieGdnLWNfUFoyU0FKenJEc3pnZ3U0RW1RWGgtOVV3V3dnWnZRNXJfM3ZZZWdiaWFMclhNRHg1VUFDVm4waFphVW4tVVNBQ2lSR0FuTUNOVTllUENKaWNKV2tuOVNwQW50WWpZOTZ6SXNWVl9sZFZuZkZsd052ekc1QnVYcl9WNWswRDVzYUMtT01IMGRabGQ2TU92eDlLNEYwSHhPc2ZZYy1laGtLREpBMjhid25GUnVKdjl6Z0pUMEJWbUdLQQ?oc=5
"""Reallabor"" Stuttgart",Martina Merz soll wohl in Thyssen-Aufsichtsrat rücken - Handelsblatt,Handelsblatt,"Wed, 07 Nov 2018 08:00:00 GMT",https://news.google.com/rss/articles/CBMi1wFBVV95cUxQT1RUamJVMVlleVc1bllvRnpWWXBzOVFhQmYtMEhTbDBlMkNrMjBkaExQNEVYSHpONDZYMmcycWxTN0tDN2VTZlJDYmJ1LWVqX0VHV3pRckpyb0pmSzI3cHY0UVpod2JZNjZQQ2d4X1praUVNSDRtZndPYVlyVmtmZ3ZuUTQzMDdkcGptVWg5MzhaN1FWTmFZWUtCdWp1VU5sbXM1NGY3ZkMwQTh1aWZvLVdWYjVfLVBqdGNfRWZWck9jODAzRHp3N2x4eFF5VkszTXZBTl9SNA?oc=5
"""Reallabor"" Stuttgart",Naturkostunternehmen: Insolvenzverfahren von Schneekoppe aufgehoben - Handelsblatt,Handelsblatt,"Tue, 28 Jul 2015 07:00:00 GMT",https://news.google.com/rss/articles/CBMi2AFBVV95cUxOc1hDVXNZX1hBdUVONDBKeHBPa1Y4VUZqQ18xU0RsUEo5bEFfcC0wSHhmeHdiYWYzWkZHSkJqemlEb0JfMVd2TGZlU01XU3JoS3NCMEZzY254cEZCOXQ0RDVYUkFfWjRSUmw5NDdQdlVzVjFxN1JyNkF0RUtCcFBXZ0Zjd2ZDdXpNZjN4RUd2UHdvRW1vYXowblBBdjFhWnF5YkFwdmgyQ3l1YXJ6VGhCSGZyX2lNcjgtamFZYmdoYUxCTWZaQ2xRT1gwUkhKSTdGamdaM3NsTm4?oc=5
"""Reallabor"" Stuttgart",Picknick statt Parkplatz - «Parklets» in Stuttgart - BILD,BILD,"Thu, 30 Jun 2016 07:00:00 GMT",https://news.google.com/rss/articles/CBMiqgFBVV95cUxObFV5MHRDNUhPM2tQdDduU1dfa0RPTTBiWVpYRXJGRmhwSGoyZGZzN2xwSkppSUJkVUdVQmJnSUJtZ0hBNTNOUUhWNWFLUTRiZUFVQl9rYkxCMC1rTVdOZDFMR3BtM1FUdm5jdlpqSng1ZmJVT3Z3T2FzTGhMU21yb0FFZ1VOUXU1djExMEh3WUl3OTVuYUhOVmJXa2NDVFpra2h0M2gyMzJodw?oc=5
"""Reallabor"" Dresden",Autofahren in Dresden: Warum die Stadt Menschen zu ihrem Mobilitätsverhalten befragt - Dresdner Neueste Nachrichten,Dresdner Neueste Nachrichten,"Wed, 18 Jun 2025 07:00:00 GMT",https://news.google.com/rss/articles/CBMi5gFBVV95cUxONng0MDZ0X3ZpZ0VZeG40OGEtelFuNnVCN2Z4bGE1cnp5enZud3VxUTJRUExZSW9hOFU4Vl9lWDVONHFuRHYtXzVuZlozdXFLbDQyVlhRVklaY2pNUTZjUzdybXRXZ1lad25WUWlrSTdWN3daOGRzQUZpaHJDVW54T2FJWGk1SEozRkdxVGJXREhKVG82VkVFWlhHS3RuYVVFaXVuYWFOTk1EaHM4T214LU1aN3AyaVdCMlNLbEwtMGI1ZmU1S1pNa0J3Vlg4U3NIa3E3WTVMYW05WEowdmpmcXpIY1lud9IBggJBVV95cUxNd3hFQ243MVptWVNYb3BnV0JuVmJyWkFVTnByNG5iRFZYMGJlbVJWamVRUWhNV1RxV3AxS3hfZ2I4ZnVFdUthTkx1UnZxckE1X19RVmJybDZXajIwalZxVGN2VXFRcmFmWlg4c3FGUmhZTXNYSGpnQkxxOHA0Ql9HZEZwTEhXWkk1LWY0WlhuWFAtVnNhWDJWZDlSajlmb0xsQzdDR0Q5X3N3ZE1obW56T2JrbFcycW1mVE43aTlZY3lzdHJWbFBDQV91OWIwUVRoMU82YTQ3SVBHOFU1SEtMTXZKakozVXpQR1VaME5maHU5SkxWTkRNUkZZY0dobEk1MkE?oc=5
"""Reallabor"" Dresden","Schule für die Zukunft, gebaut auf wackligem Grund - Wiarda",Wiarda,"Fri, 30 May 2025 07:00:00 GMT",https://news.google.com/rss/articles/CBMilAFBVV95cUxONGs5OHQ0U05ISmVQS2x2VzNzb0p4blN2QlJlS2lBTW1HczFDcnJmWWI5LUc4LWRZWW13bVprTkVrTjNqMGxzQ0JZbjVPSDRzTmdFQ0NZVVE5VHozQXFWcHdNdXNqa3RGNU01MklTZ1RjY0huWDZWM1VuZllFSFQxZkExVmZtdTFISktpWFNBZU5La0JK?oc=5
"""Reallabor"" Dresden",Moderner Holzbau – Herausforderungen und Chancen - Mynewsdesk,Mynewsdesk,"Tue, 04 Mar 2025 08:00:00 GMT",https://news.google.com/rss/articles/CBMi8AFBVV95cUxNUjlfZjRlUG1zSmhXMWN0MGxSRFowd00xdTB2ZEdOVEpHS1hDQU41MnZlU184ZW1GbC1ZanJSMTl6cmhRQ3RnQlhjMXpWNlRybnY0TlFZdUZSMTh5SXh2WVVla3ZXaUY2aEViU243ZWZoSXFUdU1JYjdPQWtIVnhHSGI5dE5aaWNXckJVcENoNG83eTc1YVRhMWN3eFVOQUx3OU5JV2dGVEwwWkpYRFZVY3NIaVRLOWR4TS1JbUdDRG0zMVBwaFp5TWVyUk5IQ2ROZnNnZTZUaWI0bnVWQUxyVWJlNjIxZ3Z1aFdDcGtxS0Y?oc=5
"""Reallabor"" Dresden",Mit Kameras an Laternen: Verkehrsforscher überwachen Klinikums-Kreuzung in Hoyerswerda - Sächsische Zeitung,Sächsische Zeitung,"Mon, 07 Jul 2025 07:00:00 GMT",https://news.google.com/rss/articles/CBMihwJBVV95cUxQU0x4ZTl0Z3RWcTJ5QU43Y3RmZkNZT0dsanBJZEFGX0tnS0Y0MXF2VlZKSnlLb3BJVFZnVnZSRDlRYjNRRm9OZmxhRk5xcHBkajVDVHlVMFhwNnMzaTdFaHBkc0JXZXNaZDFXbVdHOElicnV3b3RLVzFvcGtsMTdPU0xGVUZEOGFMRnNDZTJMZ1lkZnFaMTItRkI2M1BPZFNzS1BOTXJpTUppZUZpLUlWc1NWaldNaE84XzVUWm1mTkZZWkc5UloxUWlkdkVjcFFLR1IwdF9SOFhiSk4wMDJyY1diM1lxb1dDaUxqaDd0OUhaM2tOT3ZTdlR3TFB6bFR6SWE4UTNZb9IBowJBVV95cUxPNHZlemlOSGFZOFB4SWczVFZmZVByTEsydnpwUmpiWGw4cWpIY3BwVTcySUZ1VnpKa0puRkR1U09jRkNmQW5YaXdVREhZejNyRDlfS1cyZ09Xa3Vidkg0Z0hQYkUyQW93VmZVSTVSZ2JBUWw5OWxMQ1hFNkRWRGFleGRlVHNoR1VRZVY3VnZlZTVfVUQ5UDhHbjV3NGoxVXVkSkppWmt0ODFZU3Bwb1lYa05xQ2w1THpkNTdNRDExQVhmWnZQeU1aUy1HVEtrU3ktMFVoZHFldEVHZnIxVFh0eVlURlE2bnlXeTJKRGRWOV9HV1JhT05salZvM1A3V3V0WHFUY3JTRVROUFF5ZnVtTEVzanNKVDhmbk5hbFZkbkNEaUU?oc=5
"""Reallabor"" Dresden",Sichtbar anders: Reallabor Telewerk in Mittweida - Hochschule Mittweida,Hochschule Mittweida,"Thu, 28 Sep 2023 07:00:00 GMT",https://news.google.com/rss/articles/CBMiWkFVX3lxTE5JUHUzQnFKYUFPUFBWLURQcU5YaDNmSmZYV01uX2JURmEzTjNheXNyVkJDMzAtWHdsYkVwM21hZm5KeWZPZ2Q4ZUIzTFViWDUyb1JpTlBoVnZRUQ?oc=5
"""Reallabor"" Dresden",Reallabor Bad Lauchstädt wächst - Oiger,Oiger,"Sat, 23 Mar 2024 07:00:00 GMT",https://news.google.com/rss/articles/CBMid0FVX3lxTFBtZTJpMElmSnotRFhIbV96bGxrUnk4dTF2WVhmeGh4ejlnUGpCQjZaaEs5aWFIU1pLVXpfNjdVd1hYcU5GaFdoWGlfRF9Yd3NJSnh6ajdlZUpoSXZ1ejBSZFZyc0w2NnMySnA0dU5wVXdCVnhrb3ZZ?oc=5
"""Reallabor"" Dresden",Dresdner Reallabor macht Fernwärme effizienter - energate messenger,energate messenger,"Mon, 05 Aug 2019 07:00:00 GMT",https://news.google.com/rss/articles/CBMimAFBVV95cUxNN09ZbFZ5NVFPTUZzRVNYclV6cFZvdF9tWXNmNTNDV3pPRUFqQXY1RWYxdk4zRmIxZDBPLVhDQTJLTlNhc0lxSHhBZ2ZjaVhLampaMkVGX0lvY2FvY1g3Q0ZtczBRWmhEWXJKRDhhN2drLUduWTdJZHVWRU9CLThhWkdqZ0VSY084b2hjN1lSS1ZSZ2p3MjB0Vg?oc=5
"""Reallabor"" Dresden",Goldbeck und die Technische Universität Dresden feiern Richtfest für das Smart Mobility Lab in Hoyerswerda - Konii,Konii,"Thu, 16 Oct 2025 07:00:00 GMT",https://news.google.com/rss/articles/CBMi0AFBVV95cUxPYmhOcURFangzLUlIaVpSN25wYXg0UF9tNWtVaTNCU0FxZndaVl9GbVNhUHVCOWh1TjJnSENzR0k2M3cwQnNNWloyXzhSZ3YxdWYxMjRlNk9OdnRWZFpoVlZYS3Zqcm5fajdNMlM1QmtJMmp0RndWQ0NESUlKUGZwcWhvQ0ppRDlCUi16Z2NKbXFtZENBby1reUdveGxsMFNJUjVpRVpuQndnaWx5YUlwakF3SmFEY0w0a1hzM2pvUExXdnhObk0wU25lNW9tN3Za?oc=5
"""Reallabor"" Dresden",EKFZ für Digitale Gesundheit: TU Dresden vergibt Professur für klinische KI - kma Online,kma Online,"Thu, 28 Apr 2022 07:00:00 GMT",https://news.google.com/rss/articles/CBMipgFBVV95cUxNWXVSRkdlRHVwUF9CRnZtUkt6NzVsTF9SdXRaMHFzMVE5TWs4NmxkamFyV1lpeEZVdlg4N0F2NmpSVElUSVNqdWFGaHlfbWJwdndwQ3VaSEwyTEkwSllYVTN4eVRUU2lDdERXc25MM3JxZHBWY3ltMlFWR3VWbUUtNWdha3N0ZFZmZGUyNEdYYnJ5eER5eWdsTzREamRuOWVaNzlHdjNB?oc=5
"""Reallabor"" Dresden",Überwachung von Brücken soll effizienter werden - vdi-nachrichten.com,vdi-nachrichten.com,"Mon, 30 Sep 2024 07:00:00 GMT",https://news.google.com/rss/articles/CBMioAFBVV95cUxOU29UY2FzU3hGeE45cVg1WXJ6bEtHai1ycnBxTk01UWVYTzEzWVBzY2JSQ1dBMUtuNmo1UmQwbUQ1b1pTVXJURk5pTUxnYUt0dFk3aFNaYVdoMlFvdkVtcEROZXE3ek1fZXpNb0JLRWZiSkdwZnd5R3JjYVR4Y0xvQlhVcDJLQV9hay11NHNyanE1UURraW82WVlvQkRHUDl1?oc=5
"""Reallabor"" Dresden",Neuerscheinung: Reallabor Nachkriegsmoderne - Universität Innsbruck,Universität Innsbruck,"Fri, 08 Sep 2023 10:54:00 GMT",https://news.google.com/rss/articles/CBMivgFBVV95cUxNbkJYOUpGV2lOeVhjSG9DbTRzMG0zbzY0S3lPUkVqYjdIR0I2UGVVcmt5cTZFU0l0cnFCeUEzbW9iNFJ1blQxNXZUSjlpSUZTQ2lkNjNSem1sTjZsLWg0dXZFUkRUOVRYQUdLWFdsY3Rfb3pGWGtSWFl5RXJVMkdKRGptb21Cc1lWWGw0Q2htMDg5VzkwWWlHLUNFYjRaakxZX2Y2VEgzczBmUG80akVqOVhhZW42bVFnXzNZVFNn?oc=5
"""Reallabor"" Dresden",Schwarze Pumpe wird Wasserstoff-Reallabor - Nachrichten aus Südbrandenburg - Märkischer Bote,Märkischer Bote,"Fri, 24 Feb 2023 08:00:00 GMT",https://news.google.com/rss/articles/CBMivAFBVV95cUxQRlJlcGs5bGRRR3JDOXh6ZGZaTXVTeWRVUUY4ZE9zWEJvTFpqV3haODRJRlB5eDByakZOcko0MklFUkh4UDY4N0hGUFpETHN1cS1ZUUF0Qm9oVjJpRFZ4WmVtUlNmeDNQWDVpZFFTRTRFR1AxUDlVVG9EYjNnQmU0RGxEZktFMW51eDF3ZzdLdHc4ajJrd3oxeWs5ZmlWcUpvaW5DbjAyME1yTHdIdE05OEMwVm9ZNXZZUXpMTtIBwgFBVV95cUxPQTZqdUJKUEJlRHNjSUZnUnNGZEo5UkhyOVR0enI1QTFTbzNoSG9mOEpkak5Cc0pRT090YUNROW1CeEVnZDJOOVNJTENtdE1kMzBwamVnYWI2bkMxc001eUN5Z3hueDJlZnVMd2I1VGFNNlJUZmJlWURxMmYwanBoX18xc3JqQXJzemFsWU15a2t4aVBQZUZjanphQncwV0NYanpXR2tjMVpJbGJINmQwR1hhTDVSMTNSMmViZVV5azVuUQ?oc=5
"""Reallabor"" Dresden",Forschung in Bayreuth: Ein mobiles Tiny House voller Elektronik entsteht - Nordbayerischer Kurier,Nordbayerischer Kurier,"Wed, 20 Nov 2024 08:00:00 GMT",https://news.google.com/rss/articles/CBMi2gFBVV95cUxONmNIdkVnckg0ZmtxNm5QQ0ZLQzIyRE1MOV8za3duSjdCTi10cHZveWhaMDJMT0JMWjdhd2VKYWplYlRhRHItM1FjSGdfYjJXXzJ1UWJ2RDZSaUNac0RRdVVyQktZOVZIckV4bWFUaElvVk9wT2xTSDdNVi03Z0MxZUNpZmNhREZ0bWR0cnRvNjFESGYweWpaeVFpNG1ueFNkTWd0R2NjdEdMenNPcFhLZkY4alpLX2V3bjV0UzV4OE1tZnlXd05KS0pMcmZ3LWhGd0tYTWZJTXVoUQ?oc=5
"""Reallabor"" Dresden",Update: Sichtbar anders – Richtfest am Reallabor Telewerk in Mittweida - Hochschule Mittweida,Hochschule Mittweida,"Wed, 18 Oct 2023 07:00:00 GMT",https://news.google.com/rss/articles/CBMiWkFVX3lxTE9NeUs5OUNTdDhuSEZHejZ3a0h1bnltZUQwWTdwLUpOVERmQ0xRel9DbG13OGlURGtwZ201Mlk2X3Q5alQwOTdVcTRZcFNSMnBiTFpmaW9feG9Ydw?oc=5
"""Reallabor"" Dresden",PCK Schwedt: Raffinerie als Magnet für junge Firmengründer aus ganz Deutschland - MOZ.de,MOZ.de,"Wed, 18 Oct 2023 07:00:00 GMT",https://news.google.com/rss/articles/CBMixwFBVV95cUxQVEpFRjJXVjlWZmc4YmYxN2dnenlRVG9kd2hQUkd1d0JESHp1Vy0xM21qa1ZfTkVCS2xhaFIwa1ZST183N0pYUXNMVjgtUVhQbkZnczF0Q2s0TUVnRW9LOE1IYXJMWFVXY2VJZ090czROcm1iREJlVjI5dDVQRXV0UlhWb3JVRnU3T3BsZXJLaFd4LXdnb0JubUdhMVBTek9SSENKVHlxTUdGaWJDc0hZb0lSY2NvRjNYTGplbWNsU190TEg1U2xB?oc=5
"""Reallabor"" Dresden",Kamenz wird zum Drohnen-Terminal - Alles-Lausitz.de,Alles-Lausitz.de,"Wed, 17 Mar 2021 07:00:00 GMT",https://news.google.com/rss/articles/CBMidEFVX3lxTE1PTHBiV0didlYxRU5aVnpkT3IxR0huangtX0ZhejBTdzM4YVpWRDBFVDBxSXRmWDJUb0xqcURSc1hyT3dFN2lGZVJjVlh6VzRCdmdxSU1TcU5hM1pNZ1I4eGVoY2FyUEh2VU50dmNrTGEzbXRK?oc=5
"""Reallabor"" Dresden",Roboterbar in Dresden eröffnet: Ein würziges Häppchen vom stählernen Maitre - Oiger,Oiger,"Mon, 15 Apr 2024 07:00:00 GMT",https://news.google.com/rss/articles/CBMiswFBVV95cUxPemU3YVR5X3pTcEdLWGdTOUlITWNDckF1VnFiMmRUYk5UTkUycFRYQlhRRURLRDlyZDhsNTZsbEx5VkRwZl9VNTBwRGZLeUFKNGdaUUU2UjV0b19VYkpWQTJTc2g4bHhzbWl5R21VMzZDQmFhV0pyUURVckpxZWVRVGNOMFQxajRZeFFBVDNabnBjVGNnSGVSXzh4d1VpTTZMaUFLU2l1ZU85SDNtdGJ4Um1RWQ?oc=5
"""Reallabor"" Dresden",Biomüll landet im 3D-Drucker - Oiger,Oiger,"Fri, 02 Sep 2022 07:00:00 GMT",https://news.google.com/rss/articles/CBMickFVX3lxTE1OLWk0VFFYRENGLVV1V194THd0c212WHF2blJoSktMamZYM3FlTlpUZ1dXdk5vXzRINlA0WUpxTVV4Qkx4WW5reVNoYkFrWmdyMmV0N2RINzRFblBPVHNsSnhRTjJwblZtV0ZlRVJBREU0UQ?oc=5
"""Reallabor"" Dresden",Heizenergie und Kühlung aus dem Ackerboden - Oiger,Oiger,"Mon, 30 Sep 2024 07:00:00 GMT",https://news.google.com/rss/articles/CBMihAFBVV95cUxPdUN5MldNMWxFQVNQeGhMU0RlTEhrRzBFaTJPNFJGTGJtdXdkTmltcDVzSkNLX09EU2g0a2lIWjFEUWpDRFEtckkyMDliOWtZQjFfNExLRlotekNVb3l0b0FKQW55VHhHX0U3QUxVTkxwcTh0NV9wZ1FjQWJURjdWTkFvblM?oc=5
"""Reallabor"" Dresden",Sachsen wollen 3D-Drucker mit Abfall füttern - Oiger,Oiger,"Sat, 30 Apr 2022 07:00:00 GMT",https://news.google.com/rss/articles/CBMihwFBVV95cUxNX3JLVDlXTWEzU3d2U1lLUzhySU5IYnhFaGRFNXl4N09zR1pnMUtrbExWMlhWM05SUld5dGFzQkhXamZGeTFRQ1N4WUQxVWY4dG1TZ3g5NU50cWFOTEkyQ2s0WHFYZVNPVzNvQVZ4NEFLNFNzcWdHcVREQ3l4LWtnalo1YVBsTFk?oc=5
"""Reallabor"" Dresden",Forschungscampus Hoyerswerda: Fahren und Fliegen der Zukunft – was in Schwarzkollm geplant ist - Lausitzer Rundschau,Lausitzer Rundschau,"Tue, 05 Mar 2024 08:00:00 GMT",https://news.google.com/rss/articles/CBMi5wFBVV95cUxNY18zM0g0ZFR5RlEyUGswSHh4NDJNVkoybXZvOVVvUk1Nem5kVFo4cWxLVE9DQ1JjX2Y1enpkTkFVX2RCUFo1VlprTTRndTB6bHVFN09WU09wVWZjZXRwNmUtLUxyZXNFSWh1WDlYRUZ6VVByeGIxWlRqbks4LTgyVDdhSEdUTGxrRHM1UjdtdVJreXN6X1pwdWloMmJxTkc0RTNJNzlBZmRrbWpFeG1XdzVhSFl4OGprMWd5c2ZyY0JVeEFNaE1reUktRnFNR3BrT25ULXB0QjIyVmxoX0lpbFRJQjRqZTg?oc=5
"""Reallabor"" Dresden",Bei Studien-Teilnahme: Rathaus will Autofahrern Geld schenken - TAG24,TAG24,"Sun, 26 Jan 2025 08:00:00 GMT",https://news.google.com/rss/articles/CBMixAFBVV95cUxPT1ptZ1ZYRkZTSGoydU05U3ZSWTliOEZndGlsNTdDVUZYeFFtcUF2d1NlWldXVzdHbHY5UFE0cDlJeVN1VUs3SDRSYWtnR1hfMVFKMFk0SGNwQkRmaWhVR1VUQ0xKVnZ3MzhxQ1pqN0J5NHBGc29TTFF3MVBSbTZEQnF0bEF2aWgxa0Z4WUk1VmdVaFpnWDBlV3hQdHltcm9aY2M4bGpvU2NvcnRVS0M4clF4dnFUM19uRERseEJQQ1k2TTJU?oc=5
"""Reallabor"" Nachhaltigkeit","Drohnen, Abwasser, Recycling - Berlin testet als nachhaltig geltende Technik - rbb24.de",rbb24.de,"Mon, 25 Aug 2025 07:00:00 GMT",https://news.google.com/rss/articles/CBMiugFBVV95cUxORUNqQkpJNV9YSVE4X2RTWG1JRk1Bb0c5a0N6NHpmdkFvYWxTUFhRcU5OVU9wcGJDTHU5ejU4SVhvR3h4eDNoVDBhblpKQTdKeGtLWTE2T2g2LVYzY0ozYm9rT3VHeXpIX2Q3U0wxTU41cGhoQ3NheHpvOGxUeXNSNml2NXBPVWVlcHpsS21HSlRqcEVvVk1vLUE0TXFwdmlmWVdMRXJZRlhEWDUxbFB4WHdiU25ST0JsVGc?oc=5
"""Reallabor"" Nachhaltigkeit",Neues Reallabor an der Hochschule Esslingen: Spatenstich für die Nachhaltigkeit - swp.de,swp.de,"Fri, 28 Feb 2025 08:00:00 GMT",https://news.google.com/rss/articles/CBMiywFBVV95cUxPYTFDME9jVUhVN1JkbC1uQnk3R1RTemtBSDIzUF84UG1DNDFZZGVaVmc5aVY0Ykl4SVJvUWtUN0dpZHBJT0VWMU5NUUtFanhiUXN1TFNiSlVrblFJX1pkY0JUelhKME1OQVJsdDAyTzlEWFZxckFZYnZhMS1FazMyRll2LXVhVUlzeGpoWnBteEU4TEdfcnhWQk9jUC1TN282R0NhN1NiY2VseDg5WHQxc01qelNvNXg4YTVMdVVYTExFLU51NFVKek81RQ?oc=5
"""Reallabor"" Nachhaltigkeit","Reallabore: mit Experimenten zu mehr Nachhaltigkeit - Wuppertal Institut für Klima, Umwelt, Energie","Wuppertal Institut für Klima, Umwelt, Energie","Tue, 21 Mar 2023 07:00:00 GMT",https://news.google.com/rss/articles/CBMiUkFVX3lxTE1BSUlWelVNV3dUS0JPR1RQU1hCbmV5eXR1UlFPM0hZUkVQQlZPUDRzQ2RGcVRCaHhZYTItcFhHblFEUFJwVS15VTFyaE5jX3BCU3c?oc=5
"""Reallabor"" Nachhaltigkeit",Erfolgsmodell Reallabor made in Baden-Württemberg - baden-wuerttemberg.de,baden-wuerttemberg.de,"Wed, 23 May 2018 07:00:00 GMT",https://news.google.com/rss/articles/CBMi1gFBVV95cUxQeEpLWE5qZmRPQlZiZ3R1bkFiZG1uRjBSQXhiRUtWVlpEczJsaXJ2b0NUb2NhMWZzUjU0NGl1bFBHMi1ERnNMcGlNSWduRFJOcHlNdmFFOGprcnlqWVVSRkJmdEJ1WUpPOTZQVzZYT1R4RE5BejRnUkpaWkNmMHFQS09MZHF5bVUzRU5GTktBbk93b3R4ekxzZHYtWGt3ckpqQVEwcURqb0pFb1JONmpWUHZIUmZobW9nbWtlelF4d1hEVkNzQkk1LTUwY0lFaDFSMWtkOXBB?oc=5
"""Reallabor"" Nachhaltigkeit","„Wir arbeiten hart daran, dass wir überflüssig werden“ - Stifterverband",Stifterverband,"Thu, 03 Sep 2020 07:00:00 GMT",https://news.google.com/rss/articles/CBMiyAFBVV95cUxOaElYRzV6cVhYUldWaGNuRlhxcVRqNzJrbFc4YUZ2VGJnaklUaTJ0SVpZZ0VSN3ZzV2JYRzVUeGxaUnA5N09WRi1RNWhXR1hWeEFsT25fSEQ2VDVNdU0xcGszbjFVUUsxaXE5QW1DcmpERlN2Z1N1WjM3RFBMZ0RSSWxKa0wtLXZpTGp4czVreXQ3dENfOFdPeHUySllfWmJSWjc1Ni1weTdCUk9EemNyRnBhNzlVeWw5NzZYZk1KOTAtZEl3MG5jWQ?oc=5
"""Reallabor"" Nachhaltigkeit",Schulterschluss zwischen Forschung und Praxis - Helmholtz-Gemeinschaft Deutscher Forschungszentren,Helmholtz-Gemeinschaft Deutscher Forschungszentren,"Thu, 27 May 2021 07:00:00 GMT",https://news.google.com/rss/articles/CBMikgFBVV95cUxQN19RSlhTV2N1dHNoRU9RVFB4TlA3aDljNHlodXN1RDQtQnJiYW1lNVVPTmVSOV9nVl9KV01CZUpyTFhBUzN1TU45MnNKSFA2dEx6V0c2b1JfVVRfQ3RKQkJRc0FNV0FnTG9JNW4tcGR1ZHNoeEZUa3E2V2pIWXg1QkdsaEtfbFhMNVl0TGRMRUl0dw?oc=5
"""Reallabor"" Nachhaltigkeit",Projekte - Reallabor Urbaner Raum - Stadt Regensburg,Stadt Regensburg,"Tue, 28 May 2024 14:23:05 GMT",https://news.google.com/rss/articles/CBMickFVX3lxTFBvQUpjdjQ5S25peGQ1QVlCS1dBaHQ5LWhRWXZ5Y1l0Y0xYek1Edi1LNmV0RjJjOGJWVElRb0xkMFdaR2lmOTdvNmthaVJ2aUVYcS00WFhnS1daN0czTnprSjlSQ29ZX2ZNb3N2SUhjZ3VuZw?oc=5
"""Reallabor"" Nachhaltigkeit",Reallabore: Experimentierfelder für Zukunftsfragen - Universität Stuttgart,Universität Stuttgart,"Fri, 08 Apr 2022 06:14:15 GMT",https://news.google.com/rss/articles/CBMifkFVX3lxTE03QzYyaWZXaXBlZXp1bkFaYkFwV05KOEtwMFBCLThTbFQyRkYtUFFpOHhEWUJmRll3OUo5Y2RMZW9ZVjkyU3NfelFZd3NCMWxPSkJjLUZZUzdKdExKbXRkWC1jcllkUlNyOVdPZkZFM0Z0enZxT2tWcEgwa2liZw?oc=5
"""Reallabor"" Nachhaltigkeit",Wettbewerb für Stadtideen startet: Auf 100 Metern Berlins Zukunft testen - Tagesspiegel,Tagesspiegel,"Mon, 20 Oct 2025 07:00:00 GMT",https://news.google.com/rss/articles/CBMi1wFBVV95cUxPbGNvOTUwblExdmxjUWFmeG9XakwtX0tOQllXRi1BeVI1OC10ZG4yS0ZWRmM2eEY3alBmWUZYNmh2UjNfcWZOTnBZRVVzTnZGNWtYWGNoQkpTcjk2ZFU4UWpmUGdpdEV2a09OVldxTWg1aEFCSXBkYkhsLVRWRjNtS1ZNTmlYaHFPbkNQNUlUWXZ2WHMtb215eTNhc21INzVsZVllc2xKQ29xUGtrREp2RGlsZGRRcXF1ZVY4Sng0cGhVMW1YSHJqdENDcVBuNWhPZURTNE9LQQ?oc=5
"""Reallabor"" Nachhaltigkeit","Das Reallabor als Forschungsprozess und -infrastruktur für nachhaltige Entwicklung - Wuppertal Institut für Klima, Umwelt, Energie","Wuppertal Institut für Klima, Umwelt, Energie","Wed, 04 Dec 2019 08:00:00 GMT",https://news.google.com/rss/articles/CBMiUkFVX3lxTFB6cDcwQi1yN1J2dUpiNVdRZm9kTVFQbW9QNmFhNjNXUDIzVU9MLXBCX3ZUQlFUQ1NUNEl0MlY1VWtaYlVMd0E1aWZBUS1OdzVPTmc?oc=5
"""Reallabor"" Nachhaltigkeit",Liesing: Eine alte Fabrik wird zum Ort für nachhaltige Innovationen - MeinBezirk.at,MeinBezirk.at,"Fri, 28 Feb 2025 08:00:00 GMT",https://news.google.com/rss/articles/CBMisgFBVV95cUxQYkFvX3pwbVpNOWFXYktEOTZvMExKSEFvT0Y2UWFLWWZ4TWp6ay1uRXhBa3BoRVVaQnlNMmZybjhMNVUzc1hHMDJXVHp5QXlLRnhBRWZib1JuX0w1azVTWGJxMHUyMGFFTVB3V0kwalNraFlhT1J1MHpDbWNsMWRIaXF5QXNFMzQ2UWdsZlV1MlN0c1VSRk1raHRVeHRTVU02Ukd3UHlDRVg5cFhVak5lT0Rn?oc=5
"""Reallabor"" Nachhaltigkeit",Der Hagenmarkt wird zum Reallabor - Stadt Braunschweig,Stadt Braunschweig,"Fri, 16 Jul 2021 20:43:49 GMT",https://news.google.com/rss/articles/CBMikwFBVV95cUxPTjloT3ZSUHBGdzZHaDRobzd6aWtPVlhoenJNUXBzX0g5dzZ6QnFybWdxYUZpMTNCZGxuc08waF96QlJSTzJxdHlMUXhneDVzalcyTnhTMVU5V1M4QVpxeWxUUS0zbHdkcTB5dEdHbkFfRkJsUlRncXYxMk1WRW1sN1Fqd0tFNE5QZ3FNcE12MUNzSnc?oc=5
"""Reallabor"" Nachhaltigkeit",Die UZH als Reallabor - UZH News,UZH News,"Wed, 15 Nov 2023 08:00:00 GMT",https://news.google.com/rss/articles/CBMibEFVX3lxTFBoMjYzTFgtcGtIa1RGWDNaTmQ1c2dKNVF4V2dWVEhZdUx2X3dFWmZyUTRHWmwtQjdNaGJvY1gweUVNWVdOR1J4c2lCQmVIODczRUxrbU5xWU84allrb3RkOHNleWVGa24wbVpLUw?oc=5
"""Reallabor"" Nachhaltigkeit",Maarwerk im Gewerbegebiet: In Beuel entsteht ein Reallabor für nachhaltige Unternehmen - General-Anzeiger Bonn,General-Anzeiger Bonn,"Tue, 06 Jun 2023 07:00:00 GMT",https://news.google.com/rss/articles/CBMipwFBVV95cUxOb2hYUUFrS25yOGdBZnA1ZjRzTlZUS21QVk1NVFBIb2lvbElvZmFxMmwxalBrSXFQeXkxRDZ1VThNMUJ3bm00ZmdDZ0YzTHUtVVZ4UWpYVkdKTnltVkhWVFlBTjhCNEI3REFnNURfYjBUMlZJYk9iWjBFclhmRk5lZzRDeEh0eXdENkxoTlV6eDdtTkJMRk9HOFhOMlF6WFZPV3Y3NG10UQ?oc=5
"""Reallabor"" Nachhaltigkeit",Reallabor Demokratikum: „Fairplappert“ an reich gedeckter Tafel zum Tag der offenen Gesellschaft - Stadt Butzbach,Stadt Butzbach,"Fri, 30 Jun 2023 07:00:00 GMT",https://news.google.com/rss/articles/CBMixgFBVV95cUxOZWk3bW9BNU1FeTR5dUJVUEdBaUxoWkJrdnJLUmR5VjVTWGNILUduTDR0QVBIX3pMX1VZQm9jbk5fOHV4b19PYlRYeUswenZFVFkyRThfQXVjcTQ2aHpQZ2pwbWlFWjhxckxKREV6UXBFZjNIQkcydkpMNG5hbTAwNDRzekNoUEY5SDVkM1o4djRUR0JTTnhsaTNDVGpocUdlRkFmRXhvUlBJaUVCbGRRaW9GTlU0TnFKekh2eHNvaW5UY2JYenc?oc=5
"""Reallabor"" Nachhaltigkeit",FONA - Forschung für Nachhaltigkeit (FONA),Forschung für Nachhaltigkeit (FONA),"Wed, 30 Sep 2020 07:00:00 GMT",https://news.google.com/rss/articles/CBMiggFBVV95cUxQQ3p5VmtjRmlxT3Rabl9aUnBlTXgwcEp4SlpHM0lLaTZDQ09kb19NUTdxVnFJVXl0dWZKWURTbHRjNHR5eVFRWkRGOXhOeWZ1c2ZfVzdneWtvU29LOXl5TEpUWXE4d3J2TXZ5WlFyWXZDVUpwRjhlTEdYOXdjWTNoaXNR?oc=5
"""Reallabor"" Nachhaltigkeit",Die Stadt als Reallabor - fnp.de,fnp.de,"Tue, 18 Jul 2023 07:00:00 GMT",https://news.google.com/rss/articles/CBMikgFBVV95cUxOb2M3WnB1eGl0aFZjOXFHY0JqNmNfbkE1SUo3WjNOM0h3eTBFWWtVYWZlcFFWM0JDS2Q1MG4talJxbU9HcXpRZXE1TVBDRFA5UmI2ZTdieGE0WUo4c0Nnb0ptREZYeEM2V1VuY05nOVdRSDYzaU9Sa0d6NUxfX05NejRNQ29MX0c4dkw3R25fbzhvZw?oc=5
"""Reallabor"" Nachhaltigkeit",Reallabor für nachhaltige Mobilitätskultur eröffnet | News | 23.03.2016 - Universität Stuttgart,Universität Stuttgart,"Wed, 23 Mar 2016 07:00:00 GMT",https://news.google.com/rss/articles/CBMiuAFBVV95cUxNOWsxdC1odFNTN1JtcnFXc3l2aDZkWXc0RW1EczY2NGFjX1JFUmJLVm11NU1XNlZ1M0dfMXRoQlNickM4UVpDY1NKMWFFa1NfRGlrcFpaYzYzWnhZSHl1bGctWHI3c0dLRGxBekVIQi1Cc1RhSXlnZWdvT1RSX2FtWUtYVUdXZU4wTW9KSTZPc0dCT3FVRkRWb1J0cklESm1VRTEtek9ra0JLaWctTTVTdVV2UTRJVTVN?oc=5
"""Reallabor"" Nachhaltigkeit","Reallabor gewinnt Forschungspreis ""Transformative Wissenschaft"" - Wuppertal Institut für Klima, Umwelt, Energie","Wuppertal Institut für Klima, Umwelt, Energie","Fri, 30 Nov 2018 08:00:00 GMT",https://news.google.com/rss/articles/CBMiUkFVX3lxTE9POHVpb2NTT0d0dWFjWFhlNmhTZHRJR1AxNHIyb1FUQmd1UlhIYU12V2hZZzdXLTRYQS1XempPZmlRS1VpRnh2dGlfLXA4WlVGNWc?oc=5
"""Reallabor"" Nachhaltigkeit","Reallabore verstehen, reflektieren und wirkungsvoll gestalten - Wuppertal Institut für Klima, Umwelt, Energie","Wuppertal Institut für Klima, Umwelt, Energie","Mon, 20 Jan 2020 08:00:00 GMT",https://news.google.com/rss/articles/CBMiUkFVX3lxTE5vUnd3RXU0MU9zUVhLSTFNc1lCLV9QSkc0WVFXSTYxSzZrWEtmTnZmVTh5U2U3NDFwOGFlTHBmSlN0LWd3MVk4Vm9vYV9GbEFka3c?oc=5
"""Reallabor"" Nachhaltigkeit",Modellprojekt in Coburg: Das Demo wird zum „Reallabor“ - Neue Presse Coburg,Neue Presse Coburg,"Wed, 09 Jul 2025 07:00:00 GMT",https://news.google.com/rss/articles/CBMiwwFBVV95cUxNV3NDYmp2RXNsRzNiUFlYVDF4ZFlyTzZ6bE9LY0dETmVLOVRGVEVfVXBNdTZjaXNOZ25IandVaUU3THEtdktPOVZwc25GanFDV2FxQnkzTWJTdDJ6SGRERTRiRU9MZUFVX2syeEl5SFh5Q3lNMkE3QTk3VWpBVFNYY0pOMG9jdDlTSWNPdkZtVFR1d0hxb0Vodlc2Y0tFRnB4WjFXbkI1bWltTkRLQ1pPQjV0LXNndGtsQlNQeDdMVmNDVGc?oc=5
"""Reallabor"" Nachhaltigkeit","„Reallabor“ auf Braunschweigs Hagenmarkt: Hingehen, entdecken! - Braunschweiger Zeitung",Braunschweiger Zeitung,"Wed, 30 Jun 2021 07:00:00 GMT",https://news.google.com/rss/articles/CBMi3AFBVV95cUxNZUd2ckFOS04tTmZwdURzaXZwVXZZbkxzYzBpQWp2WEYwemt1ekFRblpIdVcwRk12Y2M5dENyRDlFSVNJMU4tdzA4VTJpdWhRWmkxZjhLaVk1QWlxdEwxSWhBLVRjbkdtaU95RHlxN3dYSlFBbUgtQXppNGJPM0VLUEJOWlRDcmxua0xraHo1ZFQ5eVE4c3lSNHN4MTYyVHRzSFVFOC1jMHU0YTVuNjhmcS0xbWFZcV9GX0c3eXloa0l4YjBiM1l0aXcwWjBTeW03WU5VZGR5NmozRF83?oc=5
"""Reallabor"" Nachhaltigkeit",Dr. Becker Klinik Möhnesee für Deutschen Nachhaltigkeitspreis nominiert - Presseportal,Presseportal,"Thu, 05 Sep 2024 07:00:00 GMT",https://news.google.com/rss/articles/CBMiWEFVX3lxTE0xMncwLWxVbnZUdlBDbnA5dk1uUVB5ZWltcVh3a1NaMmFrZVlZQlc3a2RVaGhYZ3ZXLWd2NW92M1RKaFFNeXh0bWd4MVlKT0VCbHdkYjN5UG4?oc=5
"""Reallabor"" Nachhaltigkeit",Preisträger*innen des Wettbewerbs ‚Klever Birne‘ besuchen die Hochschule Rhein-Waal - Lokalkompass,Lokalkompass,"Tue, 19 Mar 2024 07:00:00 GMT",https://news.google.com/rss/articles/CBMi2gFBVV95cUxPcU5mNXFMd1dZSUsza3BfNG1xTW1nU0pzMURJUU5xVmc2S1FTb1U3SmVRVHN0WHNzdU5hSDdkOURVVDhzbjA4TnVFc0kwRnY5aWNmMnUwWUdkdmlBS2Qxa2VXVEJ1aFp2dHZRZHloaHRNcHI3QlNac1Z6Sy1BdUx0S2pqNHhCNUpEdkZKemlKcHFzaVRiaGYyWGZrck1aTV82Q2lSTnFyd2owREdzb1hCT2x4LVVhTHplVi1OX1N6R3duN3pRRnJIMEZoSFBYYTFWOG1VSjlSVUxlZw?oc=5
"""Reallabor"" Nachhaltigkeit",In der Oststeiermark: „Drei Engel für Nachhaltigkeit“ stellten Millionen-Projekt für Energiewende vor - Kleine Zeitung,Kleine Zeitung,"Wed, 07 Feb 2024 08:00:00 GMT",https://news.google.com/rss/articles/CBMivAFBVV95cUxORkc1aFJNcl9ZaE85NEdWQnNGNkFDRFFSZjZUSmd0U1NPZFJFWGVPWkdtdU9UUFVwZUltSDFvcE80T044YjdIT2FIb3dPYnpRYXVDYng1QU1EVDJSSnVhYXVIVkFQOXpnc3NKZUF2Q2F3MC1FRE9hS2ZjRXRMRnpqV3hoeGlYWEVOVXVlMWZoRDdzUkZGVEt0TUdBYlIybGNOZWszQVlJaUVEUkN1UXhwMTVwN1VKWEh3SjJENA?oc=5
